Width,Electron density,Negative density,Positive density,O- density,O2- density,CO3- density,CO4- density,CO2+ density,O2+ density,O density,O2 density,O3 density,CO density,C density,CO2e1 density,CO2va density,CO2vb density,CO2vc density,CO2v1a density,CO2v1 density,CO2v2 density,CO2v3 density,CO2v4 density,CO2v5 density,CO2v6 density,CO2v7 density,CO2v8 density,Electric field,Rise rate
0.00257,0.03296,0.0388,0.02176,0.20994,0.29454,0.02883,0.02454,0.02076,0.10029,0.0085,0.01413,1.0009,0.00919,0.0048,0.00316,0.01757,0.02321,0.19888,0.05691,0.03421,0.02141,0.0136,0.00836,0.00597,0.00347,0.00163,0.0061,0.03286,26
0.00514,0.05575,0.06205,0.04782,0.25763,0.21783,0.03117,0.02711,0.04682,0.10035,0.01571,0.02725,1.00181,0.01704,0.0095,0.0062,0.03501,0.04218,0.33433,0.10889,0.06653,0.04172,0.02657,0.01637,0.01174,0.00682,0.00319,0.01171,0.03268,26
0.00771,0.07207,0.0788,0.07057,0.29385,0.16131,0.03327,0.02947,0.06957,0.10038,0.02181,0.04038,1.00271,0.02377,0.01419,0.00918,0.05232,0.05811,0.43152,0.15723,0.0972,0.06113,0.03906,0.02412,0.01737,0.01009,0.00471,0.01706,0.0326,26
0.01029,0.08377,0.09091,0.08688,0.32021,0.11959,0.03525,0.03169,0.08587,0.10055,0.02716,0.0535,1.00362,0.02975,0.01888,0.01212,0.06949,0.07168,0.50055,0.20243,0.12643,0.07978,0.05115,0.03166,0.02289,0.0133,0.00619,0.02225,0.03259,26
0.01286,0.09214,0.09966,0.09749,0.33894,0.08881,0.0372,0.03382,0.09648,0.10086,0.03202,0.06661,1.00452,0.03524,0.02355,0.01504,0.08654,0.08337,0.54842,0.24492,0.15433,0.09776,0.06289,0.03903,0.02832,0.01647,0.00765,0.02731,0.0326,26
0.01543,0.09809,0.10602,0.10418,0.3521,0.06611,0.03917,0.03589,0.10316,0.10124,0.03655,0.07971,1.00543,0.04042,0.02822,0.01793,0.10344,0.09349,0.58042,0.28506,0.181,0.11513,0.07434,0.04627,0.03368,0.0196,0.00909,0.03229,0.03262,26
0.018,0.10233,0.11065,0.10845,0.36135,0.04937,0.04117,0.03796,0.10744,0.10161,0.04088,0.09281,1.00633,0.04538,0.03286,0.02081,0.12021,0.10232,0.60068,0.32319,0.2065,0.13194,0.08553,0.05338,0.03899,0.02271,0.01052,0.03719,0.03263,26
0.02057,0.10534,0.11407,0.11132,0.3679,0.037,0.04324,0.04005,0.1103,0.10193,0.04506,0.10589,1.00724,0.05021,0.03749,0.02368,0.13684,0.11005,0.61248,0.35957,0.23088,0.14822,0.09647,0.06039,0.04424,0.02579,0.01194,0.04205,0.03263,26
0.02314,0.10748,0.11664,0.11335,0.37263,0.02787,0.04539,0.04217,0.11233,0.10219,0.04916,0.11897,1.00814,0.05494,0.0421,0.02654,0.15333,0.11686,0.6185,0.39448,0.25415,0.16401,0.10718,0.0673,0.04945,0.02886,0.01335,0.04687,0.03263,26
0.02571,0.10902,0.11861,0.11489,0.37611,0.02112,0.04763,0.04435,0.11387,0.1024,0.05319,0.13203,1.00903,0.05961,0.04669,0.02939,0.16966,0.12287,0.62098,0.42813,0.27635,0.17931,0.11767,0.07412,0.05462,0.03191,0.01476,0.05165,0.03262,26
0.02829,0.11012,0.12017,0.11614,0.37875,0.01613,0.04996,0.0466,0.11511,0.10261,0.05718,0.14507,1.00993,0.06424,0.05125,0.03223,0.18585,0.12819,0.62183,0.46074,0.29748,0.19415,0.12797,0.08086,0.05975,0.03495,0.01616,0.05642,0.0326,26
0.03086,0.11092,0.12144,0.11721,0.38082,0.01244,0.05239,0.04892,0.11618,0.10285,0.06114,0.1581,1.01082,0.06883,0.05579,0.03507,0.20188,0.13292,0.62269,0.49251,0.31757,0.20854,0.13807,0.08753,0.06485,0.03797,0.01756,0.06117,0.03258,26
0.03343,0.11151,0.12253,0.11817,0.3825,0.00973,0.05494,0.05133,0.11713,0.10318,0.06508,0.17111,1.01172,0.07341,0.06029,0.03789,0.21775,0.13714,0.62479,0.52357,0.33664,0.22249,0.14798,0.09412,0.06991,0.04098,0.01895,0.06591,0.03256,26
0.036,0.11195,0.12349,0.11906,0.3839,0.00774,0.0576,0.05384,0.11803,0.10365,0.069,0.1841,1.0126,0.07796,0.06476,0.04071,0.23347,0.14091,0.6283,0.55399,0.35472,0.23601,0.15771,0.10065,0.07495,0.04399,0.02034,0.07065,0.03254,26
0.03857,0.11229,0.12436,0.11992,0.38512,0.0063,0.0604,0.05645,0.11888,0.10431,0.07291,0.19706,1.01349,0.08251,0.0692,0.04351,0.24903,0.1443,0.633,0.58376,0.37185,0.24912,0.16727,0.10711,0.07995,0.04698,0.02173,0.07537,0.03252,26
0.04114,0.11255,0.12519,0.12076,0.38621,0.00526,0.06333,0.05918,0.11971,0.1052,0.07681,0.21001,1.01437,0.08703,0.0736,0.04631,0.26443,0.14735,0.63865,0.61289,0.38808,0.26183,0.17664,0.1135,0.08492,0.04997,0.02311,0.08009,0.03249,26
0.04371,0.11276,0.12599,0.1216,0.3872,0.00453,0.0664,0.06203,0.12053,0.10638,0.0807,0.22293,1.01525,0.09155,0.07796,0.04909,0.27967,0.15011,0.64501,0.64137,0.40344,0.27415,0.18585,0.11982,0.08986,0.05294,0.02449,0.08481,0.03247,26
0.04629,0.11293,0.12678,0.12243,0.38813,0.00403,0.06962,0.06501,0.12135,0.10789,0.08458,0.23583,1.01613,0.09606,0.08228,0.05187,0.29476,0.15261,0.6519,0.6692,0.41799,0.28609,0.19489,0.12608,0.09476,0.0559,0.02587,0.08952,0.03245,26
0.04886,0.11307,0.12757,0.12328,0.38902,0.00371,0.073,0.06812,0.12218,0.10977,0.08845,0.2487,1.017,0.10055,0.08655,0.05463,0.30969,0.1549,0.65914,0.69638,0.43174,0.29767,0.20376,0.13227,0.09963,0.05885,0.02725,0.09422,0.03243,26
0.05143,0.11319,0.12837,0.12413,0.38987,0.00353,0.07655,0.07137,0.12301,0.11206,0.09231,0.26154,1.01787,0.10504,0.09078,0.05738,0.32447,0.15699,0.66662,0.72292,0.44475,0.3089,0.21246,0.13839,0.10447,0.06179,0.02862,0.09892,0.03241,26
0.054,0.11329,0.12919,0.125,0.3907,0.00345,0.08027,0.07478,0.12385,0.11479,0.09616,0.27435,1.01874,0.10952,0.09496,0.06012,0.3391,0.15892,0.67421,0.7488,0.45703,0.31977,0.221,0.14444,0.10927,0.06472,0.03,0.10361,0.03239,26
0.05657,0.11338,0.13003,0.12589,0.39151,0.00346,0.08417,0.07834,0.12471,0.11799,0.1,0.28713,1.0196,0.11398,0.0991,0.06284,0.35357,0.1607,0.68182,0.77404,0.46862,0.33031,0.22938,0.15043,0.11403,0.06764,0.03137,0.1083,0.03238,26
0.05914,0.11347,0.13089,0.12679,0.39231,0.00353,0.08826,0.08205,0.12557,0.12169,0.10384,0.29987,1.02046,0.11843,0.10318,0.06556,0.36789,0.16235,0.68938,0.79864,0.47956,0.34052,0.2376,0.15634,0.11875,0.07054,0.03273,0.11299,0.03236,26
0.06171,0.11354,0.13179,0.12771,0.3931,0.00367,0.09255,0.08593,0.12645,0.12592,0.10766,0.31259,1.02131,0.12287,0.1072,0.06825,0.38205,0.16389,0.69684,0.8226,0.48986,0.35041,0.24566,0.16218,0.12344,0.07343,0.0341,0.11767,0.03234,26
0.06429,0.11361,0.13271,0.12866,0.39389,0.00384,0.09703,0.08998,0.12735,0.13068,0.11148,0.32526,1.02216,0.1273,0.11117,0.07094,0.39606,0.16533,0.70413,0.84591,0.49957,0.35998,0.25356,0.16796,0.12809,0.07631,0.03546,0.12236,0.03233,26
0.06686,0.11367,0.13366,0.12962,0.39468,0.00406,0.10171,0.09419,0.12826,0.13601,0.11528,0.33791,1.023,0.13172,0.11508,0.07361,0.40992,0.16669,0.71123,0.8686,0.50869,0.36925,0.26131,0.17366,0.13269,0.07917,0.03681,0.12703,0.03231,26
0.06943,0.11374,0.13465,0.13061,0.39546,0.00431,0.1066,0.09858,0.12919,0.14192,0.11908,0.35051,1.02384,0.13613,0.11893,0.07626,0.42362,0.16798,0.7181,0.89065,0.51726,0.37822,0.2689,0.17929,0.13726,0.08202,0.03817,0.13171,0.03229,26
0.072,0.1138,0.13568,0.13162,0.39625,0.0046,0.1117,0.10314,0.13014,0.14841,0.12286,0.36307,1.02468,0.14052,0.12273,0.07889,0.43717,0.1692,0.72473,0.91208,0.52531,0.38689,0.27633,0.18485,0.14179,0.08486,0.03952,0.13638,0.03228,26
0.07457,0.11385,0.13674,0.13266,0.39704,0.00491,0.11702,0.10788,0.1311,0.1555,0.12664,0.37559,1.02551,0.1449,0.12646,0.08152,0.45057,0.17036,0.7311,0.93289,0.53285,0.39528,0.28361,0.19034,0.14627,0.08768,0.04087,0.14105,0.03226,26
0.07714,0.11391,0.13785,0.13372,0.39784,0.00525,0.12255,0.11279,0.13209,0.1632,0.1304,0.38808,1.02633,0.14926,0.13012,0.08412,0.46381,0.17148,0.73719,0.95309,0.5399,0.40338,0.29075,0.19575,0.15071,0.09049,0.04221,0.14572,0.03224,26
0.07971,0.11397,0.13899,0.13481,0.39865,0.00562,0.12829,0.11786,0.13309,0.17152,0.13415,0.40051,1.02715,0.15361,0.13372,0.08671,0.47691,0.17255,0.743,0.97268,0.5465,0.41121,0.29773,0.2011,0.1551,0.09328,0.04356,0.15038,0.03223,26
0.08229,0.11402,0.14016,0.13592,0.39947,0.00601,0.13424,0.12311,0.13412,0.18046,0.13789,0.41291,1.02796,0.15795,0.13725,0.08928,0.48985,0.17358,0.74854,0.99167,0.55265,0.41877,0.30456,0.20636,0.15946,0.09606,0.04489,0.15504,0.03221,26
0.08486,0.11408,0.14138,0.13706,0.40031,0.00643,0.1404,0.12852,0.13516,0.19003,0.14162,0.42525,1.02877,0.16227,0.14071,0.09183,0.50264,0.17457,0.75378,1.01007,0.55838,0.42607,0.31125,0.21156,0.16376,0.09881,0.04623,0.1597,0.03219,26
0.08743,0.11414,0.14264,0.13823,0.40116,0.00687,0.14677,0.13409,0.13623,0.20022,0.14534,0.43755,1.02957,0.16658,0.14411,0.09436,0.51528,0.17553,0.75875,1.02789,0.5637,0.43312,0.31779,0.21668,0.16802,0.10156,0.04756,0.16436,0.03216,26
0.09,0.11421,0.14393,0.13942,0.40202,0.00734,0.15334,0.13981,0.13731,0.21104,0.14904,0.44981,1.03037,0.17087,0.14743,0.09687,0.52777,0.17646,0.76344,1.04512,0.56864,0.43991,0.32418,0.22172,0.17224,0.10428,0.04889,0.16902,0.03214,26
0.09257,0.11428,0.14527,0.14064,0.40291,0.00783,0.16011,0.14567,0.13842,0.22249,0.15273,0.46201,1.03116,0.17515,0.15069,0.09937,0.54011,0.17737,0.76785,1.06179,0.5732,0.44646,0.33043,0.22669,0.17641,0.10699,0.05021,0.17367,0.03212,26
0.09514,0.11435,0.14664,0.14189,0.40382,0.00835,0.16707,0.15168,0.13954,0.23457,0.15641,0.47416,1.03194,0.17941,0.15387,0.10184,0.5523,0.17825,0.772,1.07789,0.57741,0.45276,0.33654,0.23159,0.18053,0.10968,0.05153,0.17832,0.03209,26
0.09771,0.11443,0.14804,0.14316,0.40475,0.00889,0.17421,0.1578,0.14069,0.24727,0.16008,0.48626,1.03272,0.18365,0.15697,0.1043,0.56435,0.17911,0.77589,1.09345,0.58129,0.45883,0.34251,0.23641,0.18461,0.11235,0.05285,0.18297,0.03206,26
0.10029,0.11451,0.14948,0.14446,0.4057,0.00945,0.18152,0.16405,0.14185,0.26059,0.16373,0.4983,1.0335,0.18788,0.16001,0.10674,0.57624,0.17996,0.77953,1.10846,0.58484,0.46468,0.34833,0.24116,0.18863,0.11501,0.05416,0.18762,0.03203,26
0.10286,0.1146,0.15095,0.14578,0.40669,0.01004,0.189,0.1704,0.14303,0.27452,0.16736,0.5103,1.03426,0.19209,0.16297,0.10915,0.58799,0.18078,0.78292,1.12293,0.58808,0.4703,0.35402,0.24583,0.19261,0.11764,0.05546,0.19227,0.03199,26
0.10543,0.11469,0.15246,0.14712,0.4077,0.01065,0.19662,0.17684,0.14423,0.28906,0.17099,0.52223,1.03502,0.19628,0.16585,0.11155,0.59959,0.18158,0.78608,1.13688,0.59103,0.4757,0.35958,0.25042,0.19654,0.12026,0.05677,0.19691,0.03196,26
0.108,0.1148,0.15399,0.14849,0.40874,0.01128,0.20438,0.18336,0.14544,0.30418,0.1746,0.53411,1.03577,0.20045,0.16866,0.11393,0.61104,0.18236,0.78902,1.15032,0.5937,0.48089,0.365,0.25494,0.20043,0.12286,0.05806,0.20156,0.03192,26
0.11057,0.11491,0.15555,0.14987,0.40981,0.01193,0.21227,0.18994,0.14667,0.31989,0.17819,0.54594,1.03652,0.20461,0.17139,0.11628,0.62235,0.18313,0.79174,1.16325,0.5961,0.48587,0.37029,0.25938,0.20426,0.12543,0.05936,0.2062,0.03188,26
0.11314,0.11503,0.15714,0.15128,0.41092,0.01261,0.22027,0.19657,0.14792,0.33616,0.18177,0.5577,1.03726,0.20874,0.17405,0.11862,0.63352,0.18389,0.79425,1.17569,0.59825,0.49065,0.37544,0.26375,0.20804,0.12799,0.06065,0.21084,0.03183,26
0.11571,0.11516,0.15875,0.1527,0.41206,0.0133,0.22837,0.20324,0.14917,0.35298,0.18533,0.5694,1.03799,0.21286,0.17663,0.12093,0.64454,0.18463,0.79657,1.18765,0.60015,0.49523,0.38047,0.26805,0.21178,0.13053,0.06193,0.21547,0.03179,26
0.11829,0.1153,0.16037,0.15415,0.41323,0.01402,0.23654,0.20993,0.15044,0.37033,0.18888,0.58104,1.03872,0.21696,0.17914,0.12322,0.65542,0.18535,0.7987,1.19912,0.60182,0.49962,0.38537,0.27227,0.21547,0.13305,0.06321,0.22011,0.03174,26
0.12086,0.11545,0.16202,0.1556,0.41444,0.01476,0.24478,0.21662,0.15172,0.38819,0.19241,0.59263,1.03944,0.22104,0.18157,0.12549,0.66616,0.18606,0.80065,1.21014,0.60327,0.50382,0.39014,0.27642,0.2191,0.13554,0.06448,0.22474,0.03168,26
0.12343,0.11561,0.16367,0.15707,0.41568,0.01551,0.25307,0.22329,0.15301,0.40654,0.19593,0.60414,1.04015,0.2251,0.18392,0.12774,0.67675,0.18675,0.80243,1.22071,0.60451,0.50784,0.39479,0.28049,0.22269,0.13802,0.06575,0.22937,0.03163,26
0.126,0.11577,0.16534,0.15855,0.41696,0.01628,0.2614,0.22993,0.1543,0.42535,0.19943,0.6156,1.04085,0.22914,0.1862,0.12997,0.68721,0.18743,0.80405,1.23083,0.60556,0.51169,0.39932,0.28449,0.22623,0.14048,0.06702,0.234,0.03157,26
0.12857,0.11595,0.16702,0.16004,0.41828,0.01707,0.26973,0.23653,0.15559,0.4446,0.20291,0.62698,1.04155,0.23316,0.1884,0.13218,0.69754,0.1881,0.80552,1.24052,0.60641,0.51536,0.40373,0.28842,0.22972,0.14291,0.06827,0.23862,0.03151,26
0.13114,0.11614,0.16869,0.16154,0.41963,0.01787,0.27807,0.24306,0.15689,0.46425,0.20638,0.63831,1.04224,0.23716,0.19053,0.13436,0.70772,0.18875,0.80684,1.24979,0.60708,0.51886,0.40802,0.29227,0.23316,0.14533,0.06953,0.24325,0.03144,26
0.13371,0.11635,0.17037,0.16303,0.42102,0.01868,0.28639,0.2495,0.15819,0.48428,0.20983,0.64956,1.04293,0.24114,0.19259,0.13653,0.71777,0.1894,0.80802,1.25866,0.60759,0.52221,0.4122,0.29606,0.23656,0.14772,0.07078,0.24787,0.03138,26
0.13629,0.11656,0.17205,0.16454,0.42244,0.01951,0.29466,0.25585,0.15949,0.50465,0.21326,0.66075,1.0436,0.24509,0.19457,0.13867,0.72769,0.19002,0.80908,1.26712,0.60793,0.52539,0.41627,0.29977,0.2399,0.15009,0.07202,0.25249,0.03131,26
0.13886,0.11678,0.17372,0.16604,0.4239,0.02035,0.30289,0.26209,0.16078,0.52533,0.21668,0.67187,1.04427,0.24902,0.19648,0.14079,0.73747,0.19064,0.81002,1.2752,0.60812,0.52843,0.42022,0.30342,0.2432,0.15244,0.07326,0.2571,0.03123,26
0.14143,0.11701,0.17539,0.16753,0.4254,0.02119,0.31105,0.2682,0.16207,0.54628,0.22007,0.68292,1.04493,0.25294,0.19832,0.14289,0.74713,0.19124,0.81084,1.2829,0.60817,0.53131,0.42406,0.307,0.24645,0.15477,0.07449,0.26171,0.03116,26
0.144,0.11726,0.17704,0.16902,0.42693,0.02205,0.31912,0.27416,0.16335,0.56746,0.22345,0.69389,1.04559,0.25682,0.20008,0.14496,0.75665,0.19183,0.81155,1.29024,0.60809,0.53406,0.4278,0.3105,0.24965,0.15708,0.07571,0.26632,0.03108,26
0.14657,0.11752,0.17867,0.1705,0.42849,0.02291,0.32708,0.27997,0.16462,0.58884,0.22681,0.7048,1.04623,0.26069,0.20178,0.14702,0.76605,0.19241,0.81217,1.29723,0.60787,0.53667,0.43144,0.31394,0.2528,0.15937,0.07694,0.27093,0.031,26
0.14914,0.11778,0.18029,0.17198,0.43009,0.02377,0.33493,0.2856,0.16587,0.61038,0.23015,0.71564,1.04687,0.26453,0.20341,0.14905,0.77532,0.19297,0.81269,1.30388,0.60754,0.53914,0.43497,0.31732,0.25591,0.16164,0.07815,0.27554,0.03092,26
0.15171,0.11806,0.18188,0.17343,0.43172,0.02464,0.34265,0.29105,0.16711,0.63203,0.23347,0.7264,1.0475,0.26835,0.20497,0.15106,0.78446,0.19352,0.81312,1.31019,0.60709,0.54149,0.43841,0.32063,0.25897,0.16388,0.07936,0.28014,0.03083,26
0.15429,0.11835,0.18346,0.17487,0.43338,0.02551,0.35022,0.2963,0.16834,0.65375,0.23677,0.73708,1.04813,0.27215,0.20646,0.15306,0.79349,0.19406,0.81347,1.31619,0.60654,0.54371,0.44174,0.32387,0.26199,0.1661,0.08056,0.28474,0.03075,26
0.15686,0.11864,0.185,0.1763,0.43507,0.02638,0.35763,0.30135,0.16954,0.6755,0.24005,0.74769,1.04874,0.27592,0.20789,0.15503,0.80239,0.19459,0.81375,1.32187,0.60589,0.54582,0.44499,0.32705,0.26496,0.16831,0.08176,0.28933,0.03066,26
0.15943,0.11895,0.18652,0.1777,0.43679,0.02725,0.36487,0.30617,0.17073,0.69724,0.24331,0.75823,1.04935,0.27967,0.20925,0.15698,0.81117,0.19511,0.81396,1.32726,0.60515,0.54781,0.44814,0.33017,0.26789,0.17049,0.08295,0.29392,0.03057,26
0.162,0.11927,0.188,0.17908,0.43854,0.02812,0.37192,0.31077,0.17189,0.71893,0.24655,0.76869,1.04995,0.28339,0.21055,0.15891,0.81983,0.19562,0.8141,1.33236,0.60432,0.54969,0.4512,0.33323,0.27077,0.17265,0.08414,0.29851,0.03048,26
0.16457,0.11959,0.18945,0.18043,0.44031,0.02898,0.37878,0.31514,0.17302,0.74052,0.24977,0.77907,1.05055,0.28709,0.21179,0.16081,0.82838,0.19612,0.81418,1.33718,0.60341,0.55147,0.45417,0.33622,0.27361,0.17479,0.08532,0.3031,0.03038,26
0.16714,0.11993,0.19087,0.18175,0.44211,0.02984,0.38544,0.31926,0.17414,0.76198,0.25297,0.78938,1.05113,0.29076,0.21297,0.1627,0.83681,0.1966,0.8142,1.34174,0.60243,0.55314,0.45706,0.33916,0.27641,0.17691,0.0865,0.30768,0.03029,26
0.16971,0.12027,0.19225,0.18305,0.44393,0.03069,0.39188,0.32314,0.17522,0.78326,0.25615,0.79961,1.05171,0.29441,0.21409,0.16457,0.84513,0.19708,0.81417,1.34605,0.60137,0.55472,0.45987,0.34204,0.27916,0.17901,0.08767,0.31226,0.03019,26
0.17229,0.12062,0.19359,0.18432,0.44578,0.03153,0.39811,0.32677,0.17627,0.80432,0.25931,0.80975,1.05228,0.29803,0.21515,0.16642,0.85334,0.19754,0.8141,1.35011,0.60026,0.5562,0.46259,0.34487,0.28187,0.18109,0.08883,0.31684,0.03009,26
0.17486,0.12098,0.19488,0.18555,0.44765,0.03236,0.4041,0.33014,0.1773,0.82512,0.26244,0.81982,1.05284,0.30162,0.21616,0.16824,0.86144,0.198,0.81398,1.35393,0.59909,0.5576,0.46524,0.34763,0.28455,0.18314,0.08999,0.32141,0.03,26
0.17743,0.12135,0.19614,0.18675,0.44953,0.03318,0.40987,0.33325,0.17829,0.84563,0.26555,0.82981,1.0534,0.30519,0.21711,0.17005,0.86943,0.19844,0.81383,1.35753,0.59787,0.55891,0.46782,0.35035,0.28718,0.18518,0.09114,0.32598,0.0299,26
0.18,0.12172,0.19736,0.18791,0.45144,0.03399,0.41539,0.33611,0.17925,0.86581,0.26864,0.83972,1.05395,0.30873,0.21801,0.17184,0.87732,0.19888,0.81364,1.36092,0.59659,0.56014,0.47032,0.35301,0.28977,0.1872,0.09229,0.33055,0.0298,26
0.18257,0.1221,0.19853,0.18904,0.45336,0.03478,0.42068,0.33871,0.18018,0.88562,0.27171,0.84954,1.05449,0.31225,0.21886,0.17361,0.8851,0.19931,0.81342,1.3641,0.59528,0.56129,0.47275,0.35562,0.29232,0.1892,0.09343,0.33511,0.0297,26
0.18514,0.12249,0.19965,0.19013,0.45529,0.03556,0.42572,0.34104,0.18108,0.90504,0.27476,0.85929,1.05502,0.31574,0.21966,0.17536,0.89278,0.19973,0.81317,1.36708,0.59393,0.56237,0.47511,0.35818,0.29484,0.19118,0.09456,0.33967,0.0296,26
0.18771,0.12288,0.20074,0.19118,0.45724,0.03633,0.43051,0.34313,0.18194,0.92403,0.27778,0.86895,1.05555,0.3192,0.22041,0.17709,0.90036,0.20014,0.8129,1.36988,0.59254,0.56339,0.47741,0.36069,0.29732,0.19314,0.09569,0.34423,0.02949,26
0.19029,0.12328,0.20178,0.19219,0.4592,0.03708,0.43506,0.34496,0.18276,0.94256,0.28078,0.87853,1.05606,0.32263,0.22111,0.17881,0.90785,0.20055,0.81261,1.37251,0.59112,0.56433,0.47964,0.36315,0.29976,0.19508,0.09682,0.34878,0.02939,26
0.19286,0.12368,0.20277,0.19316,0.46118,0.03782,0.43936,0.34653,0.18356,0.9606,0.28376,0.88803,1.05657,0.32603,0.22177,0.1805,0.91523,0.20095,0.8123,1.37497,0.58968,0.56522,0.48181,0.36557,0.30217,0.19701,0.09794,0.35333,0.02929,26
0.19543,0.12409,0.20372,0.19409,0.46316,0.03854,0.44342,0.34787,0.18431,0.97814,0.28671,0.89744,1.05707,0.32941,0.22239,0.18218,0.92253,0.20134,0.81197,1.37726,0.58821,0.56604,0.48393,0.36794,0.30454,0.19891,0.09905,0.35788,0.02919,26
0.198,0.12451,0.20463,0.19499,0.46515,0.03924,0.44723,0.34896,0.18504,0.99514,0.28964,0.90677,1.05757,0.33276,0.22297,0.18384,0.92973,0.20172,0.81164,1.37941,0.58672,0.56681,0.48599,0.37027,0.30688,0.2008,0.10016,0.36242,0.02908,26
0.20057,0.12493,0.2055,0.19584,0.46716,0.03992,0.45079,0.34982,0.18572,1.01159,0.29254,0.91601,1.05806,0.33608,0.22351,0.18549,0.93684,0.2021,0.81129,1.38142,0.58522,0.56753,0.48799,0.37255,0.30918,0.20267,0.10126,0.36696,0.02898,26
0.20314,0.12535,0.20632,0.19665,0.46917,0.04058,0.45412,0.35045,0.18638,1.02748,0.29543,0.92518,1.05854,0.33937,0.224,0.18712,0.94386,0.20247,0.81094,1.3833,0.58371,0.56821,0.48994,0.3748,0.31146,0.20453,0.10236,0.3715,0.02888,26
0.20571,0.12578,0.2071,0.19743,0.47118,0.04123,0.45721,0.35085,0.187,1.04277,0.29828,0.93425,1.05901,0.34264,0.22447,0.18873,0.95079,0.20284,0.81058,1.38505,0.58219,0.56883,0.49184,0.377,0.3137,0.20636,0.10345,0.37604,0.02877,26
0.20829,0.12621,0.20784,0.19816,0.4732,0.04185,0.46007,0.35105,0.18759,1.05746,0.30111,0.94324,1.05948,0.34587,0.2249,0.19032,0.95764,0.2032,0.81022,1.38668,0.58066,0.56942,0.49369,0.37916,0.31591,0.20818,0.10454,0.38057,0.02867,26
0.21086,0.12665,0.20854,0.19886,0.47523,0.04246,0.4627,0.35103,0.18815,1.07155,0.30392,0.95215,1.05993,0.34907,0.22529,0.1919,0.9644,0.20356,0.80986,1.38821,0.57913,0.56996,0.4955,0.38129,0.31809,0.20998,0.10562,0.3851,0.02857,26
0.21343,0.12709,0.2092,0.19952,0.47726,0.04305,0.46511,0.35083,0.18867,1.08501,0.30671,0.96097,1.06038,0.35225,0.22565,0.19347,0.97108,0.20391,0.80951,1.38964,0.5776,0.57047,0.49727,0.38338,0.32025,0.21177,0.1067,0.38963,0.02846,26
0.216,0.12753,0.20983,0.20015,0.4793,0.04361,0.46731,0.35043,0.18917,1.09784,0.30946,0.96971,1.06083,0.3554,0.22599,0.19502,0.97768,0.20426,0.80916,1.39097,0.57607,0.57094,0.49899,0.38544,0.32237,0.21354,0.10777,0.39416,0.02836,26
0.21857,0.12798,0.21042,0.20074,0.48134,0.04416,0.4693,0.34985,0.18964,1.11005,0.3122,0.97836,1.06127,0.35851,0.22629,0.19655,0.98421,0.2046,0.80882,1.39221,0.57454,0.57139,0.50067,0.38746,0.32447,0.2153,0.10884,0.39868,0.02826,26
0.22114,0.12843,0.21098,0.2013,0.48338,0.04469,0.47108,0.3491,0.19008,1.12161,0.3149,0.98693,1.06169,0.3616,0.22657,0.19807,0.99065,0.20495,0.80848,1.39338,0.57302,0.5718,0.50232,0.38945,0.32654,0.21704,0.1099,0.4032,0.02815,26
0.22371,0.12888,0.2115,0.20182,0.48543,0.0452,0.47267,0.34819,0.1905,1.13255,0.31758,0.99541,1.06212,0.36465,0.22682,0.19958,0.99702,0.20529,0.80816,1.39447,0.57152,0.5722,0.50393,0.39141,0.32858,0.21877,0.11096,0.40772,0.02805,26
0.22629,0.12934,0.21199,0.20231,0.48748,0.04569,0.47407,0.34712,0.19089,1.14284,0.32024,1.0038,1.06253,0.36768,0.22705,0.20107,1.00332,0.20562,0.80785,1.3955,0.57002,0.57256,0.5055,0.39334,0.33061,0.22048,0.11201,0.41224,0.02795,26
0.22886,0.1298,0.21246,0.20278,0.48953,0.04616,0.47528,0.34592,0.19125,1.15251,0.32287,1.01211,1.06294,0.37068,0.22726,0.20255,1.00955,0.20596,0.80756,1.39646,0.56853,0.57291,0.50705,0.39525,0.3326,0.22218,0.11306,0.41676,0.02784,26
0.23143,0.13027,0.2129,0.20321,0.49158,0.04661,0.47633,0.34458,0.1916,1.16155,0.32548,1.02033,1.06334,0.37364,0.22744,0.20402,1.01571,0.20629,0.80728,1.39737,0.56707,0.57324,0.50856,0.39712,0.33458,0.22387,0.11411,0.42127,0.02774,26
0.234,0.13074,0.21331,0.20362,0.49364,0.04705,0.47721,0.34311,0.19192,1.16996,0.32806,1.02847,1.06374,0.37658,0.22761,0.20547,1.0218,0.20663,0.80702,1.39824,0.56561,0.57355,0.51005,0.39897,0.33653,0.22554,0.11515,0.42578,0.02764,26
0.23657,0.13121,0.2137,0.204,0.4957,0.04746,0.47793,0.34153,0.19222,1.17776,0.33061,1.03652,1.06413,0.37948,0.22775,0.20691,1.02782,0.20696,0.80678,1.39906,0.56418,0.57385,0.51151,0.40079,0.33846,0.2272,0.11618,0.43029,0.02753,26
0.23914,0.13168,0.21406,0.20436,0.49776,0.04786,0.4785,0.33984,0.19251,1.18496,0.33314,1.04449,1.06451,0.38236,0.22788,0.20834,1.03377,0.20729,0.80657,1.39984,0.56277,0.57414,0.51294,0.40259,0.34037,0.22885,0.11722,0.4348,0.02743,26
0.24171,0.13216,0.21441,0.2047,0.49983,0.04825,0.47893,0.33806,0.19278,1.19157,0.33564,1.05237,1.06488,0.3852,0.228,0.20976,1.03967,0.20763,0.80637,1.4006,0.56138,0.57442,0.51435,0.40437,0.34226,0.23048,0.11825,0.43931,0.02732,26
0.24429,0.13265,0.21474,0.20501,0.5019,0.04861,0.47922,0.33618,0.19304,1.19759,0.33811,1.06017,1.06525,0.38802,0.2281,0.21117,1.0455,0.20796,0.8062,1.40132,0.56001,0.57469,0.51575,0.40612,0.34413,0.23211,0.11927,0.44382,0.02722,26
0.24686,0.13314,0.21505,0.20531,0.50397,0.04896,0.47939,0.33422,0.19328,1.20305,0.34056,1.06788,1.06561,0.3908,0.22818,0.21256,1.05126,0.20829,0.80606,1.40203,0.55867,0.57495,0.51712,0.40786,0.34598,0.23372,0.12029,0.44833,0.02711,26
0.24943,0.13363,0.21535,0.20559,0.50605,0.0493,0.47944,0.33219,0.19351,1.20795,0.34298,1.07551,1.06597,0.39355,0.22826,0.21395,1.05697,0.20863,0.80594,1.40272,0.55735,0.57521,0.51847,0.40957,0.34782,0.23532,0.12131,0.45283,0.02701,26
0.252,0.13413,0.21563,0.20586,0.50813,0.04962,0.47938,0.33009,0.19373,1.2123,0.34538,1.08305,1.06632,0.39627,0.22833,0.21533,1.06263,0.20896,0.80586,1.4034,0.55606,0.57547,0.5198,0.41127,0.34964,0.23691,0.12232,0.45734,0.02691,26
0.25457,0.13463,0.2159,0.20611,0.51022,0.04992,0.47922,0.32794,0.19395,1.21614,0.34774,1.0905,1.06666,0.39896,0.22838,0.21669,1.06822,0.2093,0.8058,1.40407,0.55479,0.57573,0.52112,0.41295,0.35144,0.23849,0.12333,0.46184,0.0268,26
0.25714,0.13513,0.21617,0.20635,0.51231,0.05021,0.47897,0.32572,0.19415,1.21946,0.35009,1.09788,1.067,0.40162,0.22843,0.21805,1.07376,0.20964,0.80577,1.40473,0.55356,0.57599,0.52243,0.41461,0.35322,0.24006,0.12434,0.46634,0.02669,26
0.25971,0.13565,0.21642,0.20658,0.51441,0.05049,0.47863,0.32347,0.19435,1.22229,0.3524,1.10516,1.06733,0.40425,0.22847,0.2194,1.07925,0.20999,0.80578,1.4054,0.55236,0.57625,0.52372,0.41626,0.355,0.24162,0.12535,0.47085,0.02659,26
0.26229,0.13616,0.21667,0.2068,0.51651,0.05076,0.47821,0.32117,0.19455,1.22465,0.35469,1.11237,1.06765,0.40685,0.2285,0.22073,1.08468,0.21033,0.80582,1.40607,0.55118,0.57651,0.525,0.41789,0.35675,0.24318,0.12635,0.47535,0.02648,26
0.26486,0.13669,0.21691,0.20701,0.51863,0.05101,0.47772,0.31884,0.19474,1.22655,0.35695,1.11949,1.06797,0.40941,0.22853,0.22206,1.09006,0.21068,0.80589,1.40675,0.55004,0.57678,0.52627,0.41951,0.3585,0.24472,0.12734,0.47985,0.02637,26
0.26743,0.13722,0.21715,0.20721,0.52075,0.05125,0.47716,0.31648,0.19493,1.22801,0.35919,1.12652,1.06828,0.41195,0.22856,0.22339,1.09539,0.21104,0.806,1.40745,0.54893,0.57706,0.52753,0.42112,0.36023,0.24625,0.12834,0.48436,0.02627,26
0.27,0.13775,0.21739,0.20742,0.52288,0.05148,0.47655,0.31409,0.19513,1.22905,0.36139,1.13348,1.06859,0.41445,0.22858,0.2247,1.10068,0.21139,0.80615,1.40816,0.54785,0.57734,0.52878,0.42271,0.36195,0.24778,0.12933,0.48886,0.02616,26
0.27257,0.13829,0.21763,0.20762,0.52501,0.05171,0.47589,0.31169,0.19532,1.22968,0.36357,1.14035,1.06889,0.41692,0.2286,0.22601,1.10591,0.21176,0.80633,1.40888,0.54681,0.57764,0.53003,0.4243,0.36366,0.2493,0.13032,0.49336,0.02605,26
0.27514,0.13884,0.21787,0.20782,0.52716,0.05192,0.47519,0.30927,0.19552,1.22994,0.36573,1.14713,1.06919,0.41936,0.22862,0.2273,1.1111,0.21212,0.80655,1.40963,0.5458,0.57794,0.53127,0.42587,0.36536,0.25081,0.13131,0.49786,0.02594,26
0.27771,0.1394,0.21811,0.20802,0.52932,0.05212,0.47444,0.30684,0.19572,1.22983,0.36785,1.15384,1.06948,0.42177,0.22864,0.2286,1.11624,0.21249,0.80681,1.41041,0.54483,0.57825,0.53251,0.42744,0.36705,0.25231,0.13229,0.50236,0.02583,26
0.28029,0.13996,0.21835,0.20822,0.53148,0.05232,0.47367,0.3044,0.19592,1.22937,0.36995,1.16046,1.06976,0.42415,0.22866,0.22988,1.12134,0.21287,0.80711,1.41121,0.54389,0.57858,0.53375,0.429,0.36873,0.25381,0.13327,0.50687,0.02572,26
0.28286,0.14053,0.2186,0.20842,0.53366,0.05251,0.47288,0.30196,0.19613,1.22859,0.37202,1.167,1.07004,0.4265,0.22868,0.23116,1.12639,0.21325,0.80746,1.41204,0.54299,0.57892,0.53498,0.43055,0.37039,0.2553,0.13425,0.51137,0.02561,26
0.28543,0.14111,0.21885,0.20863,0.53586,0.05269,0.47206,0.29952,0.19635,1.2275,0.37407,1.17346,1.07032,0.42881,0.22871,0.23243,1.1314,0.21364,0.80784,1.41291,0.54212,0.57928,0.53621,0.43209,0.37206,0.25679,0.13523,0.51587,0.0255,26
0.288,0.14169,0.21911,0.20884,0.53806,0.05287,0.47124,0.29708,0.19658,1.22612,0.37609,1.17983,1.07059,0.4311,0.22873,0.2337,1.13637,0.21403,0.80826,1.41381,0.54129,0.57965,0.53744,0.43363,0.37371,0.25826,0.1362,0.52037,0.02538,26
0.29057,0.14229,0.21938,0.20906,0.54028,0.05304,0.47041,0.29464,0.19681,1.22447,0.37808,1.18613,1.07085,0.43335,0.22877,0.23496,1.1413,0.21443,0.80873,1.41475,0.54049,0.58004,0.53867,0.43516,0.37536,0.25974,0.13717,0.52488,0.02527,26
0.29314,0.14289,0.21966,0.20928,0.54251,0.0532,0.46957,0.29221,0.19706,1.22257,0.38004,1.19234,1.07111,0.43557,0.2288,0.23621,1.14619,0.21484,0.80924,1.41573,0.53974,0.58044,0.5399,0.43669,0.37699,0.2612,0.13814,0.52938,0.02516,26
0.29571,0.1435,0.21995,0.20952,0.54476,0.05336,0.46874,0.28979,0.19732,1.22043,0.38197,1.19848,1.07136,0.43776,0.22884,0.23746,1.15104,0.21525,0.8098,1.41675,0.53902,0.58086,0.54114,0.43821,0.37863,0.26266,0.13911,0.53388,0.02504,26
0.29829,0.14412,0.22025,0.20977,0.54702,0.05352,0.46792,0.28737,0.19759,1.21807,0.38388,1.20453,1.07161,0.43992,0.22889,0.2387,1.15585,0.21567,0.81039,1.41781,0.53833,0.5813,0.54237,0.43973,0.38025,0.26412,0.14007,0.53838,0.02493,26
0.30086,0.14476,0.22057,0.21002,0.5493,0.05367,0.46712,0.28497,0.19787,1.21551,0.38576,1.2105,1.07186,0.44205,0.22895,0.23994,1.16062,0.2161,0.81104,1.41892,0.53768,0.58176,0.54361,0.44125,0.38188,0.26557,0.14104,0.54288,0.02481,26
0.30343,0.1454,0.22089,0.21029,0.5516,0.05383,0.46633,0.28259,0.19816,1.21277,0.38761,1.2164,1.0721,0.44414,0.22901,0.24118,1.16536,0.21653,0.81172,1.42008,0.53707,0.58224,0.54486,0.44276,0.38349,0.26702,0.142,0.54739,0.02469,26
0.306,0.14605,0.22123,0.21057,0.55391,0.05398,0.46556,0.28022,0.19847,1.20986,0.38944,1.22221,1.07233,0.44621,0.22908,0.24241,1.17006,0.21697,0.81245,1.42128,0.5365,0.58274,0.54611,0.44427,0.38511,0.26846,0.14296,0.55189,0.02457,26
0.30857,0.14671,0.22159,0.21087,0.55624,0.05412,0.46482,0.27786,0.1988,1.2068,0.39124,1.22795,1.07256,0.44824,0.22916,0.24363,1.17473,0.21742,0.81322,1.42254,0.53596,0.58326,0.54736,0.44579,0.38671,0.2699,0.14392,0.55639,0.02445,26
0.31114,0.14738,0.22196,0.21118,0.55859,0.05427,0.46412,0.27552,0.19914,1.2036,0.39301,1.2336,1.07279,0.45024,0.22925,0.24485,1.17936,0.21787,0.81404,1.42385,0.53546,0.58379,0.54863,0.4473,0.38832,0.27133,0.14487,0.56089,0.02433,26
0.31371,0.14807,0.22235,0.2115,0.56096,0.05442,0.46344,0.2732,0.1995,1.20028,0.39475,1.23918,1.07301,0.45221,0.22935,0.24607,1.18396,0.21833,0.81491,1.4252,0.53499,0.58435,0.54989,0.44881,0.38992,0.27276,0.14583,0.56539,0.02421,26
0.31629,0.14876,0.22275,0.21185,0.56334,0.05456,0.46281,0.2709,0.19988,1.19686,0.39647,1.24468,1.07323,0.45415,0.22946,0.24728,1.18853,0.2188,0.81581,1.42662,0.53456,0.58494,0.55117,0.45032,0.39152,0.27419,0.14678,0.56988,0.02409,26
0.31886,0.14947,0.22318,0.21221,0.56575,0.05471,0.46221,0.26862,0.20027,1.19335,0.39815,1.2501,1.07344,0.45606,0.22958,0.24849,1.19306,0.21927,0.81677,1.42808,0.53416,0.58554,0.55245,0.45184,0.39312,0.27561,0.14773,0.57438,0.02396,26
0.32143,0.15019,0.22362,0.21258,0.56818,0.05486,0.46166,0.26635,0.20069,1.18975,0.39981,1.25544,1.07365,0.45793,0.22971,0.24969,1.19756,0.21975,0.81776,1.42961,0.5338,0.58617,0.55375,0.45335,0.39471,0.27703,0.14868,0.57887,0.02384,26
0.324,0.15093,0.22408,0.21298,0.57063,0.05501,0.46116,0.26411,0.20112,1.1861,0.40145,1.26071,1.07385,0.45978,0.22985,0.2509,1.20203,0.22024,0.81881,1.43119,0.53348,0.58682,0.55505,0.45487,0.3963,0.27845,0.14963,0.58337,0.02371,26
0.32657,0.15167,0.22456,0.2134,0.5731,0.05515,0.46071,0.26189,0.20157,1.18239,0.40305,1.2659,1.07405,0.46159,0.23001,0.25209,1.20646,0.22074,0.81989,1.43282,0.53319,0.58749,0.55636,0.45639,0.39789,0.27986,0.15057,0.58786,0.02359,26
0.32914,0.15243,0.22506,0.21383,0.57559,0.05531,0.46031,0.2597,0.20205,1.17864,0.40463,1.27101,1.07425,0.46337,0.23018,0.25329,1.21087,0.22124,0.82103,1.43452,0.53293,0.58818,0.55768,0.45791,0.39948,0.28127,0.15152,0.59235,0.02346,26
0.33171,0.1532,0.22558,0.21429,0.57811,0.05546,0.45996,0.25752,0.20254,1.17487,0.40618,1.27605,1.07444,0.46512,0.23036,0.25448,1.21525,0.22175,0.8222,1.43627,0.53271,0.5889,0.55901,0.45943,0.40107,0.28268,0.15246,0.59684,0.02333,26
0.33429,0.15399,0.22613,0.21477,0.58065,0.05562,0.45967,0.25537,0.20306,1.17108,0.4077,1.28101,1.07463,0.46684,0.23056,0.25567,1.21959,0.22226,0.82343,1.43809,0.53253,0.58964,0.56035,0.46096,0.40266,0.28409,0.1534,0.60132,0.0232,26
0.33686,0.15479,0.2267,0.21527,0.58321,0.05578,0.45944,0.25324,0.2036,1.16728,0.40919,1.28589,1.07481,0.46853,0.23077,0.25685,1.22391,0.22279,0.8247,1.43996,0.53238,0.59041,0.56171,0.46249,0.40425,0.28549,0.15434,0.6058,0.02307,26
0.33943,0.1556,0.22729,0.2158,0.5858,0.05594,0.45926,0.25114,0.20416,1.1635,0.41066,1.2907,1.075,0.47019,0.23099,0.25803,1.2282,0.22332,0.82601,1.4419,0.53226,0.5912,0.56307,0.46403,0.40583,0.28689,0.15528,0.61028,0.02294,26
0.342,0.15643,0.2279,0.21634,0.58841,0.0561,0.45915,0.24906,0.20475,1.15973,0.4121,1.29543,1.07517,0.47181,0.23123,0.25921,1.23246,0.22386,0.82737,1.4439,0.53217,0.59201,0.56445,0.46557,0.40742,0.28829,0.15622,0.61475,0.02281,26
0.34457,0.15728,0.22854,0.21692,0.59105,0.05627,0.4591,0.24701,0.20536,1.15598,0.41351,1.30008,1.07535,0.4734,0.23149,0.26039,1.23669,0.22441,0.82877,1.44596,0.53212,0.59285,0.56583,0.46711,0.40901,0.28969,0.15715,0.61922,0.02267,26
0.34714,0.15814,0.2292,0.21751,0.59372,0.05645,0.45912,0.24498,0.20599,1.15227,0.41489,1.30466,1.07552,0.47497,0.23176,0.26156,1.24089,0.22496,0.83022,1.44808,0.53211,0.59371,0.56723,0.46866,0.4106,0.29109,0.15808,0.62369,0.02254,26
0.34971,0.15901,0.22989,0.21814,0.59641,0.05662,0.4592,0.24299,0.20665,1.1486,0.41625,1.30917,1.07568,0.4765,0.23204,0.26273,1.24507,0.22552,0.83172,1.45026,0.53212,0.5946,0.56865,0.47022,0.41218,0.29248,0.15902,0.62815,0.0224,26
0.35229,0.15991,0.2306,0.21878,0.59912,0.0568,0.45934,0.24101,0.20733,1.14498,0.41758,1.3136,1.07585,0.478,0.23234,0.2639,1.24922,0.22609,0.83326,1.45251,0.53217,0.59551,0.57007,0.47178,0.41377,0.29387,0.15995,0.6326,0.02227,26
0.35486,0.16082,0.23134,0.21946,0.60187,0.05699,0.45955,0.23907,0.20804,1.14142,0.41888,1.31796,1.076,0.47946,0.23266,0.26507,1.25334,0.22667,0.83484,1.45482,0.53225,0.59645,0.57151,0.47334,0.41536,0.29526,0.16088,0.63705,0.02213,26
0.35743,0.16174,0.2321,0.22016,0.60464,0.05718,0.45982,0.23716,0.20878,1.13793,0.42015,1.32224,1.07616,0.4809,0.233,0.26623,1.25743,0.22725,0.83647,1.4572,0.53236,0.59741,0.57296,0.47492,0.41696,0.29665,0.1618,0.6415,0.02199,26
0.36,0.16269,0.2329,0.22089,0.60744,0.05737,0.46016,0.23528,0.20954,1.13451,0.4214,1.32644,1.07631,0.48231,0.23335,0.26739,1.2615,0.22784,0.83815,1.45964,0.53251,0.59839,0.57443,0.47649,0.41855,0.29804,0.16273,0.64593,0.02185,26
0.36257,0.16365,0.23372,0.22165,0.61027,0.05757,0.46057,0.23343,0.21033,1.13118,0.42261,1.33058,1.07646,0.48368,0.23372,0.26855,1.26554,0.22844,0.83987,1.46214,0.53269,0.59941,0.57591,0.47808,0.42014,0.29942,0.16365,0.65036,0.02171,26
0.36514,0.16463,0.23456,0.22243,0.61313,0.05777,0.46104,0.2316,0.21115,1.12792,0.4238,1.33463,1.07661,0.48502,0.2341,0.2697,1.26956,0.22905,0.84164,1.46471,0.53289,0.60044,0.5774,0.47967,0.42174,0.30081,0.16457,0.65478,0.02157,26
0.36771,0.16563,0.23544,0.22325,0.61601,0.05798,0.46158,0.22982,0.212,1.12476,0.42496,1.33862,1.07675,0.48633,0.23451,0.27085,1.27354,0.22967,0.84345,1.46734,0.53313,0.6015,0.5789,0.48126,0.42334,0.30219,0.16549,0.6592,0.02143,26
0.37029,0.16664,0.23635,0.22409,0.61893,0.05819,0.46218,0.22806,0.21287,1.1217,0.4261,1.34253,1.07689,0.48761,0.23493,0.272,1.27751,0.23029,0.84531,1.47004,0.5334,0.60259,0.58043,0.48287,0.42493,0.30357,0.16641,0.6636,0.02128,26
0.37286,0.16768,0.23728,0.22496,0.62188,0.0584,0.46284,0.22635,0.21378,1.11873,0.4272,1.34636,1.07703,0.48886,0.23537,0.27315,1.28144,0.23092,0.84721,1.4728,0.5337,0.6037,0.58196,0.48448,0.42654,0.30495,0.16733,0.668,0.02114,26
0.37543,0.16874,0.23824,0.22587,0.62486,0.05862,0.46357,0.22466,0.21471,1.11588,0.42828,1.35013,1.07716,0.49008,0.23583,0.27429,1.28535,0.23156,0.84915,1.47563,0.53403,0.60483,0.58351,0.48609,0.42814,0.30633,0.16824,0.67238,0.02099,26
0.378,0.16981,0.23924,0.2268,0.62787,0.05885,0.46437,0.22302,0.21567,1.11313,0.42933,1.35381,1.07729,0.49127,0.2363,0.27543,1.28923,0.2322,0.85115,1.47852,0.53439,0.606,0.58507,0.48772,0.42974,0.3077,0.16915,0.67676,0.02085,26
0.38057,0.17091,0.24026,0.22777,0.63091,0.05907,0.46522,0.22141,0.21667,1.11049,0.43035,1.35743,1.07742,0.49242,0.23679,0.27657,1.29309,0.23286,0.85318,1.48147,0.53479,0.60718,0.58665,0.48935,0.43135,0.30908,0.17006,0.68112,0.0207,26
0.38314,0.17203,0.24132,0.22877,0.63398,0.0593,0.46613,0.21984,0.21769,1.10798,0.43135,1.36097,1.07754,0.49354,0.23731,0.2777,1.29692,0.23352,0.85526,1.48449,0.53521,0.60839,0.58824,0.49098,0.43296,0.31045,0.17097,0.68547,0.02055,26
0.38571,0.17317,0.24241,0.2298,0.63708,0.05954,0.46711,0.21831,0.21875,1.10558,0.43231,1.36444,1.07766,0.49464,0.23784,0.27883,1.30072,0.23419,0.85739,1.48757,0.53566,0.60963,0.58985,0.49263,0.43457,0.31182,0.17187,0.68981,0.0204,26
0.38829,0.17433,0.24353,0.23087,0.64022,0.05978,0.46814,0.21682,0.21983,1.1033,0.43325,1.36783,1.07778,0.4957,0.23839,0.27996,1.3045,0.23486,0.85956,1.49072,0.53614,0.61089,0.59147,0.49428,0.43618,0.31319,0.17278,0.69413,0.02025,26
0.39086,0.17552,0.24468,0.23196,0.64339,0.06002,0.46923,0.21537,0.22095,1.10115,0.43416,1.37115,1.07789,0.49673,0.23896,0.28109,1.30825,0.23555,0.86178,1.49393,0.53665,0.61217,0.59311,0.49594,0.4378,0.31456,0.17368,0.69845,0.0201,26
0.39343,0.17672,0.24587,0.2331,0.64659,0.06026,0.47037,0.21397,0.2221,1.09913,0.43505,1.37439,1.07801,0.49773,0.23954,0.28221,1.31198,0.23624,0.86404,1.49721,0.53718,0.61348,0.59476,0.49761,0.43941,0.31593,0.17457,0.70274,0.01995,26
0.396,0.17796,0.24708,0.23426,0.64983,0.06051,0.47157,0.21261,0.22329,1.09723,0.4359,1.37757,1.07812,0.49869,0.24015,0.28332,1.31567,0.23694,0.86634,1.50055,0.53775,0.61481,0.59642,0.49928,0.44103,0.31729,0.17547,0.70702,0.0198,26
0.39857,0.17921,0.24834,0.23546,0.6531,0.06076,0.47282,0.2113,0.22451,1.09546,0.43673,1.38066,1.07822,0.49963,0.24078,0.28444,1.31934,0.23765,0.86869,1.50396,0.53834,0.61617,0.5981,0.50096,0.44265,0.31865,0.17636,0.71129,0.01965,26
0.40114,0.18049,0.24962,0.2367,0.65641,0.06102,0.47412,0.21003,0.22576,1.09383,0.43753,1.38369,1.07832,0.50053,0.24142,0.28555,1.32299,0.23836,0.87109,1.50742,0.53897,0.61755,0.5998,0.50265,0.44428,0.32001,0.17725,0.71554,0.01949,26
0.40371,0.18179,0.25094,0.23797,0.65975,0.06127,0.47547,0.20881,0.22705,1.09233,0.4383,1.38664,1.07842,0.5014,0.24209,0.28666,1.32661,0.23909,0.87353,1.51096,0.53962,0.61896,0.6015,0.50434,0.4459,0.32137,0.17814,0.71977,0.01934,26
0.40629,0.18312,0.2523,0.23928,0.66312,0.06153,0.47686,0.20765,0.22837,1.09095,0.43904,1.38951,1.07852,0.50225,0.24277,0.28776,1.33019,0.23982,0.87601,1.51455,0.5403,0.62039,0.60323,0.50604,0.44753,0.32273,0.17902,0.72398,0.01918,26
0.40886,0.18448,0.25369,0.24063,0.66653,0.06179,0.4783,0.20653,0.22973,1.08972,0.43976,1.39231,1.07862,0.50306,0.24347,0.28886,1.33376,0.24055,0.87854,1.51821,0.541,0.62184,0.60497,0.50775,0.44915,0.32408,0.1799,0.72817,0.01903,26
0.41143,0.18586,0.25512,0.24201,0.66998,0.06205,0.47979,0.20546,0.23112,1.08861,0.44045,1.39504,1.07871,0.50384,0.24419,0.28995,1.33729,0.2413,0.88111,1.52193,0.54174,0.62332,0.60672,0.50947,0.45078,0.32543,0.18078,0.73234,0.01887,26
0.414,0.18727,0.25658,0.24343,0.67346,0.06231,0.48131,0.20445,0.23255,1.08764,0.44111,1.39769,1.0788,0.50458,0.24493,0.29104,1.3408,0.24205,0.88372,1.52571,0.5425,0.62482,0.60848,0.51119,0.45241,0.32678,0.18165,0.73649,0.01871,26
0.41657,0.1887,0.25808,0.24489,0.67698,0.06258,0.48288,0.20349,0.23402,1.08679,0.44174,1.40027,1.07888,0.5053,0.24569,0.29213,1.34427,0.24281,0.88638,1.52956,0.54328,0.62634,0.61026,0.51292,0.45405,0.32812,0.18252,0.74061,0.01856,26
0.41914,0.19017,0.25962,0.24639,0.68053,0.06284,0.48448,0.20258,0.23553,1.08608,0.44234,1.40277,1.07897,0.50598,0.24647,0.29321,1.34772,0.24358,0.88909,1.53346,0.5441,0.62789,0.61206,0.51465,0.45568,0.32947,0.18338,0.74472,0.0184,26
0.42171,0.19166,0.26119,0.24792,0.68413,0.06311,0.48612,0.20173,0.23707,1.08551,0.44292,1.4052,1.07905,0.50664,0.24727,0.29429,1.35114,0.24435,0.89184,1.53743,0.54494,0.62946,0.61387,0.5164,0.45731,0.33081,0.18425,0.7488,0.01824,26
0.42429,0.19318,0.26281,0.2495,0.68776,0.06337,0.48779,0.20094,0.23865,1.08506,0.44347,1.40755,1.07912,0.50726,0.24809,0.29536,1.35453,0.24513,0.89463,1.54146,0.54581,0.63106,0.61569,0.51814,0.45895,0.33214,0.1851,0.75285,0.01808,26
0.42686,0.19473,0.26446,0.25112,0.69142,0.06364,0.48949,0.2002,0.24027,1.08474,0.44399,1.40982,1.0792,0.50785,0.24893,0.29642,1.35789,0.24592,0.89747,1.54555,0.5467,0.63267,0.61752,0.5199,0.46059,0.33347,0.18596,0.75688,0.01792,26
0.42943,0.19632,0.26615,0.25278,0.69513,0.0639,0.49122,0.19952,0.24193,1.08454,0.44448,1.41202,1.07927,0.50841,0.24978,0.29748,1.36122,0.24672,0.90035,1.5497,0.54762,0.63431,0.61937,0.52166,0.46222,0.3348,0.18681,0.76088,0.01776,26
0.432,0.19793,0.26788,0.25448,0.69887,0.06417,0.49298,0.19891,0.24363,1.08447,0.44494,1.41414,1.07934,0.50893,0.25066,0.29854,1.36452,0.24752,0.90327,1.55391,0.54856,0.63597,0.62123,0.52343,0.46386,0.33613,0.18765,0.76485,0.0176,26
0.43457,0.19958,0.26965,0.25622,0.70265,0.06443,0.49477,0.19835,0.24537,1.08453,0.44538,1.41619,1.0794,0.50943,0.25155,0.29959,1.36779,0.24833,0.90624,1.55819,0.54954,0.63766,0.62311,0.5252,0.4655,0.33745,0.18849,0.76879,0.01743,26
0.43714,0.20125,0.27147,0.258,0.70647,0.06469,0.49658,0.19785,0.24715,1.08471,0.44578,1.41816,1.07946,0.50989,0.25247,0.30063,1.37103,0.24915,0.90925,1.56252,0.55053,0.63937,0.625,0.52698,0.46714,0.33877,0.18933,0.77271,0.01727,26
0.43971,0.20296,0.27332,0.25983,0.71032,0.06495,0.49842,0.19742,0.24898,1.085,0.44616,1.42005,1.07952,0.51033,0.2534,0.30167,1.37423,0.24997,0.91231,1.56691,0.55156,0.6411,0.6269,0.52876,0.46877,0.34008,0.19015,0.77659,0.01711,26
0.44229,0.20471,0.27522,0.2617,0.71422,0.06521,0.50027,0.19704,0.25085,1.08542,0.44652,1.42186,1.07958,0.51073,0.25435,0.3027,1.37741,0.2508,0.91541,1.57135,0.5526,0.64285,0.62881,0.53055,0.47041,0.34139,0.19098,0.78044,0.01695,26
0.44486,0.20649,0.27716,0.26362,0.71816,0.06546,0.50215,0.19673,0.25276,1.08595,0.44684,1.4236,1.07963,0.5111,0.25532,0.30372,1.38055,0.25164,0.91855,1.57586,0.55368,0.64462,0.63074,0.53234,0.47205,0.34269,0.1918,0.78425,0.01678,26
0.44743,0.2083,0.27914,0.26558,0.72213,0.06572,0.50404,0.19648,0.25471,1.0866,0.44714,1.42525,1.07969,0.51143,0.2563,0.30473,1.38365,0.25248,0.92173,1.58043,0.55477,0.64641,0.63268,0.53414,0.47368,0.34399,0.19261,0.78803,0.01662,26
0.45,0.21015,0.28117,0.26758,0.72614,0.06597,0.50594,0.1963,0.25671,1.08735,0.4474,1.42683,1.07973,0.51174,0.25731,0.30574,1.38672,0.25333,0.92496,1.58505,0.5559,0.64823,0.63463,0.53594,0.47531,0.34528,0.19342,0.79178,0.01646,26
0.45257,0.21204,0.28324,0.26963,0.73019,0.06622,0.50786,0.19618,0.25875,1.08821,0.44764,1.42833,1.07978,0.51201,0.25833,0.30674,1.38976,0.25419,0.92823,1.58973,0.55704,0.65007,0.63659,0.53775,0.47695,0.34657,0.19422,0.79548,0.01629,26
0.45514,0.21396,0.28535,0.27173,0.73428,0.06646,0.5098,0.19613,0.26084,1.08918,0.44785,1.42975,1.07982,0.51226,0.25938,0.30774,1.39276,0.25505,0.93155,1.59446,0.55821,0.65192,0.63856,0.53956,0.47858,0.34785,0.19502,0.79915,0.01613,26
0.45771,0.21592,0.28751,0.27388,0.73841,0.0667,0.51174,0.19614,0.26298,1.09025,0.44804,1.43108,1.07986,0.51247,0.26044,0.30872,1.39573,0.25592,0.9349,1.59925,0.55941,0.6538,0.64055,0.54137,0.48021,0.34913,0.1958,0.80278,0.01596,26
0.46029,0.21792,0.28972,0.27607,0.74258,0.06694,0.51369,0.19621,0.26516,1.09142,0.44819,1.43234,1.07989,0.51265,0.26151,0.3097,1.39865,0.2568,0.9383,1.6041,0.56063,0.6557,0.64254,0.54319,0.48183,0.3504,0.19659,0.80636,0.0158,26
0.46286,0.21996,0.29198,0.27832,0.74679,0.06717,0.51565,0.19635,0.26739,1.09269,0.44832,1.43351,1.07992,0.51279,0.26261,0.31067,1.40155,0.25768,0.94175,1.609,0.56187,0.65762,0.64455,0.54501,0.48346,0.35166,0.19736,0.80991,0.01563,26
0.46543,0.22204,0.29428,0.28061,0.75104,0.0674,0.51762,0.19656,0.26967,1.09405,0.44842,1.43461,1.07995,0.51291,0.26372,0.31163,1.4044,0.25856,0.94523,1.61395,0.56314,0.65955,0.64656,0.54683,0.48508,0.35291,0.19813,0.81341,0.01547,26
0.468,0.22416,0.29663,0.28295,0.75533,0.06763,0.51959,0.19683,0.272,1.0955,0.44849,1.43562,1.07998,0.51299,0.26485,0.31258,1.40721,0.25946,0.94876,1.61896,0.56444,0.66151,0.64859,0.54865,0.4867,0.35416,0.19889,0.81687,0.0153,26
0.47057,0.22633,0.29903,0.28535,0.75965,0.06785,0.52157,0.19717,0.27438,1.09703,0.44853,1.43654,1.08,0.51304,0.266,0.31352,1.40999,0.26036,0.95232,1.62402,0.56575,0.66349,0.65062,0.55048,0.48831,0.3554,0.19964,0.82028,0.01514,26
0.47314,0.22854,0.30148,0.28779,0.76402,0.06806,0.52355,0.19757,0.27681,1.09865,0.44854,1.43739,1.08002,0.51306,0.26716,0.31445,1.41272,0.26126,0.95593,1.62913,0.56709,0.66548,0.65266,0.55231,0.48992,0.35663,0.20039,0.82364,0.01497,26
0.47571,0.23079,0.30398,0.29029,0.76842,0.06827,0.52553,0.19804,0.27929,1.10035,0.44853,1.43815,1.08004,0.51305,0.26834,0.31537,1.41541,0.26217,0.95959,1.6343,0.56845,0.6675,0.65472,0.55414,0.49152,0.35786,0.20113,0.82695,0.0148,26
0.47829,0.23308,0.30653,0.29284,0.77287,0.06848,0.52751,0.19857,0.28182,1.10213,0.44849,1.43882,1.08005,0.513,0.26954,0.31628,1.41807,0.26308,0.96328,1.63951,0.56984,0.66953,0.65678,0.55597,0.49313,0.35907,0.20185,0.83022,0.01464,26
0.48086,0.23542,0.30914,0.29545,0.77735,0.06867,0.52949,0.19917,0.28441,1.10398,0.44842,1.43941,1.08006,0.51293,0.27075,0.31718,1.42067,0.264,0.96701,1.64478,0.57125,0.67158,0.65885,0.5578,0.49472,0.36028,0.20257,0.83343,0.01447,26
0.48343,0.23781,0.31179,0.29811,0.78187,0.06887,0.53147,0.19983,0.28705,1.1059,0.44832,1.43991,1.08006,0.51282,0.27197,0.31806,1.42324,0.26493,0.97078,1.65009,0.57268,0.67365,0.66092,0.55963,0.49631,0.36147,0.20328,0.83659,0.01431,26
0.486,0.24025,0.31451,0.30083,0.78643,0.06905,0.53344,0.20056,0.28975,1.10788,0.44819,1.44032,1.08007,0.51268,0.27322,0.31894,1.42576,0.26586,0.9746,1.65546,0.57414,0.67574,0.663,0.56145,0.49789,0.36266,0.20399,0.83969,0.01414,26
0.48857,0.24274,0.31727,0.3036,0.79103,0.06923,0.53541,0.20135,0.2925,1.10993,0.44803,1.44065,1.08006,0.5125,0.27447,0.3198,1.42823,0.26679,0.97845,1.66087,0.57561,0.67784,0.66509,0.56328,0.49947,0.36383,0.20468,0.84274,0.01398,26
0.49114,0.24527,0.32009,0.30643,0.79566,0.06941,0.53738,0.2022,0.29531,1.11203,0.44785,1.44089,1.08006,0.5123,0.27575,0.32065,1.43066,0.26773,0.98234,1.66632,0.57711,0.67996,0.66719,0.56511,0.50104,0.365,0.20536,0.84573,0.01381,26
0.49371,0.24786,0.32297,0.30932,0.80034,0.06958,0.53934,0.20312,0.29818,1.11419,0.44763,1.44104,1.08005,0.51206,0.27703,0.32149,1.43304,0.26867,0.98627,1.67183,0.57864,0.68209,0.66929,0.56693,0.5026,0.36615,0.20603,0.84866,0.01365,26
0.49629,0.2505,0.32591,0.31227,0.80504,0.06974,0.5413,0.2041,0.3011,1.1164,0.44739,1.4411,1.08004,0.51179,0.27833,0.32231,1.43537,0.26962,0.99024,1.67738,0.58018,0.68425,0.6714,0.56875,0.50415,0.3673,0.20669,0.85153,0.01348,26
0.49886,0.25319,0.32891,0.31528,0.80979,0.06989,0.54325,0.20515,0.30409,1.11865,0.44712,1.44107,1.08002,0.51149,0.27965,0.32312,1.43765,0.27057,0.99425,1.68297,0.58175,0.68641,0.67351,0.57057,0.5057,0.36843,0.20735,0.85434,0.01332,26
0.50143,0.25593,0.33196,0.31835,0.81457,0.07004,0.54518,0.20625,0.30714,1.12095,0.44682,1.44095,1.08,0.51115,0.28098,0.32392,1.43988,0.27152,0.99829,1.68861,0.58334,0.6886,0.67562,0.57239,0.50723,0.36954,0.20799,0.85708,0.01315,26
0.504,0.25873,0.33508,0.32148,0.81939,0.07018,0.54711,0.20742,0.31025,1.12329,0.4465,1.44074,1.07998,0.51078,0.28232,0.3247,1.44206,0.27248,1.00238,1.69429,0.58495,0.69079,0.67774,0.5742,0.50876,0.37065,0.20862,0.85976,0.01299,26
0.50657,0.26159,0.33826,0.32467,0.82424,0.07031,0.54903,0.20865,0.31342,1.12566,0.44614,1.44043,1.07995,0.51038,0.28367,0.32547,1.44419,0.27344,1.00649,1.70001,0.58658,0.69301,0.67986,0.576,0.51027,0.37174,0.20923,0.86238,0.01282,26
0.50914,0.26451,0.3415,0.32794,0.82913,0.07043,0.55094,0.20994,0.31665,1.12806,0.44576,1.44003,1.07992,0.50995,0.28503,0.32622,1.44626,0.2744,1.01065,1.70577,0.58824,0.69523,0.68199,0.5778,0.51178,0.37282,0.20984,0.86492,0.01266,26
0.51171,0.26749,0.3448,0.33126,0.83404,0.07055,0.55284,0.21129,0.31996,1.13049,0.44535,1.43954,1.07989,0.50948,0.28641,0.32695,1.44828,0.27537,1.01484,1.71156,0.58991,0.69747,0.68411,0.57959,0.51327,0.37388,0.21043,0.8674,0.0125,26
0.51429,0.27052,0.34817,0.33466,0.839,0.07066,0.55472,0.2127,0.32333,1.13294,0.44491,1.43895,1.07985,0.50898,0.2878,0.32767,1.45024,0.27634,1.01906,1.7174,0.59161,0.69972,0.68624,0.58138,0.51475,0.37493,0.21101,0.8698,0.01233,26
0.51686,0.27362,0.35161,0.33812,0.84398,0.07076,0.55659,0.21417,0.32676,1.13541,0.44444,1.43827,1.0798,0.50845,0.2892,0.32837,1.45214,0.27731,1.02332,1.72327,0.59333,0.70199,0.68836,0.58316,0.51622,0.37596,0.21158,0.87213,0.01217,26
0.51943,0.27678,0.35511,0.34165,0.84899,0.07085,0.55844,0.2157,0.33027,1.13789,0.44394,1.43748,1.07976,0.50789,0.29061,0.32905,1.45398,0.27828,1.02762,1.72918,0.59507,0.70426,0.69049,0.58493,0.51767,0.37698,0.21213,0.87439,0.01201,26
0.522,0.28001,0.35869,0.34525,0.85404,0.07093,0.56028,0.21729,0.33384,1.14038,0.44341,1.4366,1.07971,0.50729,0.29203,0.32972,1.45577,0.27926,1.03194,1.73512,0.59683,0.70655,0.69262,0.58669,0.51911,0.37798,0.21268,0.87657,0.01185,26
0.52457,0.2833,0.36233,0.34892,0.85911,0.07101,0.5621,0.21893,0.33749,1.14287,0.44285,1.43563,1.07965,0.50666,0.29346,0.33036,1.45749,0.28024,1.0363,1.74109,0.59861,0.70885,0.69474,0.58845,0.52054,0.37896,0.2132,0.87867,0.01169,26
0.52714,0.28666,0.36605,0.35267,0.86422,0.07107,0.5639,0.22064,0.34121,1.14537,0.44227,1.43455,1.07959,0.50599,0.29489,0.33099,1.45915,0.28122,1.04069,1.7471,0.60041,0.71116,0.69686,0.59019,0.52195,0.37992,0.21371,0.88069,0.01152,26
0.52971,0.29009,0.36984,0.35649,0.86935,0.07113,0.56569,0.2224,0.34501,1.14786,0.44166,1.43337,1.07953,0.5053,0.29634,0.3316,1.46074,0.2822,1.04511,1.75313,0.60223,0.71348,0.69898,0.59192,0.52334,0.38087,0.21421,0.88263,0.01136,26
0.53229,0.29359,0.3737,0.36038,0.8745,0.07118,0.56745,0.22422,0.34888,1.15035,0.44101,1.43209,1.07946,0.50457,0.29779,0.33219,1.46227,0.28318,1.04956,1.75919,0.60407,0.7158,0.70109,0.59364,0.52472,0.3818,0.21469,0.88449,0.0112,26
0.53486,0.29716,0.37764,0.36436,0.87968,0.07121,0.56919,0.2261,0.35283,1.15282,0.44034,1.43071,1.07938,0.5038,0.29926,0.33276,1.46373,0.28416,1.05404,1.76528,0.60593,0.71814,0.7032,0.59534,0.52608,0.38271,0.21516,0.88626,0.01105,26
0.53743,0.30081,0.38166,0.36841,0.88489,0.07124,0.5709,0.22804,0.35686,1.15527,0.43964,1.42923,1.07931,0.50301,0.30072,0.3333,1.46512,0.28514,1.05855,1.77139,0.6078,0.72048,0.7053,0.59703,0.52742,0.38359,0.21561,0.88794,0.01089,26
0.54,0.30453,0.38575,0.37254,0.89011,0.07126,0.57259,0.23004,0.36097,1.1577,0.43891,1.42764,1.07922,0.50218,0.3022,0.33383,1.46644,0.28612,1.06308,1.77752,0.6097,0.72283,0.7074,0.59871,0.52874,0.38446,0.21605,0.88954,0.01073,26
0.54257,0.30833,0.38993,0.37676,0.89536,0.07126,0.57425,0.23209,0.36516,1.16011,0.43816,1.42594,1.07914,0.50132,0.30368,0.33433,1.46769,0.2871,1.06764,1.78368,0.61162,0.72519,0.70949,0.60037,0.53004,0.38531,0.21647,0.89105,0.01057,26
0.54514,0.31221,0.39419,0.38106,0.90063,0.07126,0.57588,0.2342,0.36943,1.16248,0.43737,1.42415,1.07905,0.50042,0.30516,0.33481,1.46887,0.28808,1.07222,1.78985,0.61356,0.72755,0.71156,0.60202,0.53132,0.38613,0.21687,0.89247,0.01041,26
0.54771,0.31617,0.39853,0.38544,0.90591,0.07124,0.57748,0.23636,0.37379,1.16482,0.43655,1.42224,1.07895,0.49949,0.30665,0.33526,1.46997,0.28905,1.07682,1.79604,0.61551,0.72992,0.71363,0.60364,0.53257,0.38693,0.21725,0.89379,0.01026,26
0.55029,0.32022,0.40296,0.38991,0.9112,0.07122,0.57904,0.23859,0.37824,1.16711,0.43571,1.42023,1.07885,0.49852,0.30814,0.33569,1.47099,0.29003,1.08145,1.80224,0.61748,0.73229,0.71569,0.60525,0.53381,0.38771,0.21762,0.89502,0.0101,26
0.55286,0.32435,0.40748,0.39447,0.91651,0.07118,0.58057,0.24087,0.38277,1.16936,0.43483,1.4181,1.07874,0.49753,0.30963,0.3361,1.47194,0.291,1.0861,1.80846,0.61947,0.73466,0.71774,0.60684,0.53502,0.38846,0.21797,0.89615,0.00995,26
0.55543,0.32856,0.41208,0.39912,0.92183,0.07113,0.58207,0.24321,0.3874,1.17156,0.43393,1.41587,1.07863,0.49649,0.31113,0.33648,1.4728,0.29197,1.09077,1.81469,0.62148,0.73704,0.71978,0.60841,0.5362,0.38919,0.2183,0.89718,0.00979,26
0.558,0.33287,0.41678,0.40386,0.92716,0.07107,0.58352,0.2456,0.39212,1.1737,0.433,1.41353,1.07851,0.49543,0.31263,0.33683,1.47359,0.29294,1.09545,1.82092,0.6235,0.73941,0.7218,0.60996,0.53736,0.38989,0.21861,0.89811,0.00964,26
0.56057,0.33727,0.42157,0.40869,0.9325,0.07099,0.58493,0.24806,0.39693,1.17578,0.43203,1.41108,1.07839,0.49433,0.31412,0.33716,1.47429,0.29391,1.10015,1.82716,0.62554,0.74179,0.7238,0.61148,0.5385,0.39057,0.2189,0.89894,0.00948,26
0.56314,0.34176,0.42646,0.41362,0.93784,0.07091,0.58629,0.25056,0.40184,1.1778,0.43104,1.40851,1.07827,0.49319,0.31562,0.33746,1.4749,0.29487,1.10486,1.8334,0.6276,0.74417,0.72579,0.61298,0.5396,0.39122,0.21917,0.89967,0.00933,26
0.56571,0.34635,0.43144,0.41865,0.94318,0.0708,0.5876,0.25313,0.40685,1.17974,0.43002,1.40583,1.07813,0.49202,0.31712,0.33774,1.47543,0.29582,1.10959,1.83965,0.62968,0.74655,0.72776,0.61446,0.54068,0.39184,0.21942,0.90029,0.00918,26
0.56829,0.35104,0.43652,0.42378,0.94851,0.07069,0.58886,0.25575,0.41196,1.1816,0.42897,1.40304,1.078,0.49082,0.31861,0.33798,1.47586,0.29678,1.11432,1.84589,0.63177,0.74892,0.72972,0.61591,0.54172,0.39243,0.21965,0.9008,0.00903,26
0.57086,0.35583,0.4417,0.42901,0.95385,0.07056,0.59007,0.25843,0.41718,1.18338,0.42789,1.40013,1.07785,0.48958,0.3201,0.33819,1.47621,0.29772,1.11907,1.85212,0.63387,0.75129,0.73165,0.61733,0.54274,0.39299,0.21986,0.90121,0.00888,26
0.57343,0.36072,0.44699,0.43435,0.95917,0.07042,0.59122,0.26116,0.4225,1.18506,0.42678,1.39711,1.0777,0.48831,0.32159,0.33838,1.47646,0.29866,1.12381,1.85835,0.63599,0.75366,0.73356,0.61872,0.54372,0.39352,0.22004,0.9015,0.00873,26
0.576,0.36573,0.45239,0.43979,0.96449,0.07026,0.59231,0.26394,0.42792,1.18666,0.42564,1.39397,1.07755,0.48701,0.32307,0.33853,1.47661,0.2996,1.12857,1.86456,0.63812,0.75602,0.73545,0.62008,0.54468,0.39402,0.22021,0.90168,0.00858,26
0.57857,0.37084,0.45789,0.44534,0.96979,0.07009,0.59333,0.26678,0.43346,1.18815,0.42447,1.39071,1.07739,0.48566,0.32455,0.33866,1.47667,0.30052,1.13332,1.87077,0.64027,0.75837,0.73731,0.62142,0.54559,0.39449,0.22035,0.90175,0.00843,26
0.58114,0.37606,0.4635,0.451,0.97507,0.0699,0.59428,0.26968,0.43911,1.18953,0.42327,1.38733,1.07723,0.48429,0.32602,0.33875,1.47663,0.30144,1.13807,1.87695,0.64244,0.76071,0.73915,0.62272,0.54647,0.39493,0.22047,0.90171,0.00829,26
0.58371,0.3814,0.46923,0.45678,0.98033,0.0697,0.59516,0.27262,0.44487,1.1908,0.42204,1.38383,1.07705,0.48288,0.32749,0.33881,1.47649,0.30235,1.14282,1.88311,0.64461,0.76305,0.74097,0.62398,0.54732,0.39533,0.22056,0.90154,0.00814,26
0.58629,0.38686,0.47507,0.46267,0.98557,0.06948,0.59597,0.27561,0.45076,1.19195,0.42078,1.38021,1.07688,0.48143,0.32894,0.33883,1.47624,0.30326,1.14756,1.88925,0.6468,0.76537,0.74275,0.62521,0.54812,0.3957,0.22063,0.90126,0.00799,26
0.58886,0.39243,0.48103,0.46869,0.99077,0.06924,0.59669,0.27865,0.45676,1.19297,0.41949,1.37647,1.0767,0.47995,0.33039,0.33882,1.47589,0.30415,1.15229,1.89535,0.649,0.76769,0.7445,0.6264,0.54889,0.39603,0.22068,0.90085,0.00785,26
0.59143,0.39814,0.48711,0.47482,0.99593,0.06899,0.59733,0.28174,0.46288,1.19385,0.41817,1.37261,1.07651,0.47843,0.33182,0.33878,1.47542,0.30503,1.15701,1.90143,0.65121,0.76999,0.74623,0.62756,0.54962,0.39633,0.2207,0.90033,0.00771,26
0.594,0.40397,0.49332,0.48108,1.00106,0.06872,0.59788,0.28487,0.46913,1.19459,0.41682,1.36862,1.07631,0.47687,0.33325,0.3387,1.47485,0.30591,1.16171,1.90747,0.65343,0.77227,0.74791,0.62867,0.5503,0.39659,0.2207,0.89968,0.00756,26
0.59657,0.40994,0.49965,0.48746,1.00613,0.06843,0.59834,0.28804,0.47551,1.19519,0.41543,1.36451,1.07611,0.47528,0.33466,0.33859,1.47417,0.30677,1.16639,1.91347,0.65566,0.77454,0.74957,0.62974,0.55094,0.39681,0.22067,0.89891,0.00742,26
0.59914,0.41604,0.50611,0.49398,1.01116,0.06813,0.5987,0.29124,0.48202,1.19563,0.41402,1.36027,1.0759,0.47366,0.33605,0.33844,1.47337,0.30762,1.17105,1.91943,0.65791,0.77679,0.75118,0.63077,0.55154,0.39699,0.22062,0.89801,0.00728,26
0.60171,0.42228,0.5127,0.50063,1.01612,0.0678,0.59895,0.29448,0.48867,1.1959,0.41258,1.35591,1.07569,0.472,0.33744,0.33825,1.47245,0.30846,1.17569,1.92533,0.66016,0.77903,0.75276,0.63176,0.5521,0.39713,0.22053,0.89698,0.00714,26
0.60429,0.42866,0.51943,0.50741,1.02103,0.06746,0.5991,0.29775,0.49545,1.196,0.4111,1.35142,1.07547,0.4703,0.3388,0.33802,1.47141,0.30928,1.18029,1.93119,0.66242,0.78124,0.7543,0.6327,0.5526,0.39723,0.22043,0.89582,0.007,26
0.60686,0.43519,0.5263,0.51433,1.02586,0.06709,0.59914,0.30105,0.50237,1.19592,0.40959,1.3468,1.07524,0.46856,0.34015,0.33776,1.47025,0.3101,1.18486,1.93698,0.66468,0.78343,0.75579,0.63359,0.55306,0.39729,0.22029,0.89453,0.00686,26
0.60943,0.44188,0.53331,0.5214,1.03061,0.06671,0.59905,0.30436,0.50944,1.19565,0.40805,1.34206,1.07501,0.46679,0.34148,0.33745,1.46896,0.31089,1.18939,1.94272,0.66696,0.78559,0.75725,0.63443,0.55347,0.3973,0.22012,0.89311,0.00672,26
0.612,0.44872,0.54047,0.52861,1.03528,0.06631,0.59885,0.30769,0.51666,1.19518,0.40648,1.33718,1.07477,0.46498,0.34278,0.33711,1.46755,0.31167,1.19387,1.94838,0.66924,0.78773,0.75865,0.63522,0.55382,0.39728,0.21993,0.89155,0.00658,26
0.61457,0.45572,0.54778,0.53597,1.03985,0.06589,0.59852,0.31103,0.52402,1.19451,0.40488,1.33218,1.07452,0.46313,0.34407,0.33672,1.46601,0.31244,1.19831,1.95398,0.67152,0.78984,0.76001,0.63596,0.55412,0.3972,0.21971,0.88986,0.00645,26
0.61714,0.46288,0.55523,0.54348,1.04431,0.06544,0.59805,0.31437,0.53155,1.19362,0.40324,1.32704,1.07427,0.46124,0.34534,0.3363,1.46433,0.31318,1.20269,1.95949,0.67381,0.79192,0.76131,0.63664,0.55437,0.39709,0.21946,0.88804,0.00631,26
0.61971,0.47022,0.56285,0.55115,1.04867,0.06498,0.59744,0.3177,0.53923,1.19251,0.40157,1.32177,1.07401,0.45932,0.34657,0.33583,1.46252,0.31391,1.207,1.96492,0.6761,0.79397,0.76256,0.63727,0.55457,0.39692,0.21918,0.88607,0.00618,26
0.62229,0.47773,0.57062,0.55898,1.05289,0.06449,0.5967,0.32102,0.54707,1.19116,0.39986,1.31637,1.07374,0.45735,0.34779,0.33532,1.46058,0.31462,1.21125,1.97026,0.6784,0.79599,0.76376,0.63783,0.5547,0.39671,0.21886,0.88397,0.00604,26
0.62486,0.48543,0.57856,0.56698,1.05698,0.06399,0.5958,0.32432,0.55508,1.18957,0.39812,1.31084,1.07347,0.45535,0.34897,0.33476,1.45849,0.31531,1.21542,1.97551,0.68069,0.79796,0.7649,0.63834,0.55478,0.39644,0.21852,0.88173,0.00591,26
0.62743,0.4933,0.58666,0.57514,1.06092,0.06346,0.59474,0.32759,0.56326,1.18773,0.39635,1.30517,1.07319,0.4533,0.35013,0.33416,1.45626,0.31597,1.2195,1.98066,0.68298,0.7999,0.76599,0.63878,0.5548,0.39613,0.21815,0.87934,0.00578,26
0.63,0.50138,0.59494,0.58347,1.0647,0.0629,0.59352,0.33083,0.57161,1.18562,0.39454,1.29937,1.0729,0.45122,0.35126,0.33352,1.45388,0.31661,1.22349,1.98569,0.68527,0.8018,0.76701,0.63916,0.55475,0.39577,0.21774,0.87682,0.00565,26
0.63257,0.50964,0.60339,0.59198,1.0683,0.06233,0.59214,0.33401,0.58015,1.18324,0.3927,1.29343,1.0726,0.44909,0.35236,0.33283,1.45136,0.31723,1.22738,1.99061,0.68756,0.80366,0.76796,0.63947,0.55464,0.39536,0.21731,0.87415,0.00552,26
0.63514,0.51812,0.61202,0.60067,1.07171,0.06173,0.59058,0.33714,0.58887,1.18058,0.39082,1.28735,1.0723,0.44693,0.35342,0.3321,1.44868,0.31782,1.23116,1.99542,0.68984,0.80547,0.76885,0.63971,0.55447,0.39489,0.21684,0.87133,0.00539,26
0.63771,0.5268,0.62084,0.60955,1.07492,0.06111,0.58883,0.34019,0.59777,1.17762,0.38891,1.28114,1.07199,0.44472,0.35444,0.33132,1.44585,0.31838,1.23482,2.00009,0.69212,0.80723,0.76967,0.63988,0.55423,0.39437,0.21633,0.86838,0.00526,26
0.64029,0.5357,0.62984,0.61861,1.0779,0.06047,0.58691,0.34316,0.60687,1.17435,0.38695,1.27479,1.07167,0.44246,0.35543,0.33049,1.44287,0.31891,1.23834,2.00463,0.69438,0.80894,0.77042,0.63998,0.55392,0.39379,0.2158,0.86527,0.00513,26
0.64286,0.54482,0.63904,0.62787,1.08063,0.0598,0.58479,0.34604,0.61616,1.17078,0.38496,1.26831,1.07135,0.44017,0.35638,0.32961,1.43972,0.31941,1.24172,2.00902,0.69663,0.8106,0.77109,0.64001,0.55354,0.39316,0.21523,0.86202,0.005,26
0.64543,0.55416,0.64844,0.63733,1.08311,0.05911,0.58247,0.34882,0.62566,1.16687,0.38293,1.26168,1.07102,0.43783,0.3573,0.32869,1.43642,0.31988,1.24494,2.01327,0.69888,0.8122,0.77169,0.63995,0.55309,0.39247,0.21462,0.85862,0.00488,26
0.648,0.56375,0.65803,0.64699,1.0853,0.0584,0.57994,0.35147,0.63536,1.16263,0.38086,1.25492,1.07068,0.43544,0.35816,0.32772,1.43294,0.32031,1.248,2.01735,0.7011,0.81374,0.7722,0.63982,0.55256,0.39173,0.21399,0.85508,0.00475,26
0.65057,0.57358,0.66784,0.65686,1.08718,0.05766,0.57721,0.35399,0.64528,1.15804,0.37875,1.24802,1.07033,0.43301,0.35899,0.32669,1.4293,0.32071,1.25087,2.02127,0.70331,0.81522,0.77263,0.6396,0.55196,0.39092,0.21331,0.85139,0.00463,26
0.65314,0.58365,0.67786,0.66695,1.08873,0.0569,0.57425,0.35637,0.65542,1.15309,0.37659,1.24097,1.06997,0.43053,0.35977,0.32562,1.42549,0.32106,1.25355,2.02502,0.7055,0.81663,0.77298,0.6393,0.55128,0.39006,0.21261,0.84754,0.00451,26
0.65571,0.59399,0.6881,0.67726,1.08992,0.05612,0.57107,0.35859,0.66578,1.14778,0.37439,1.23379,1.06961,0.428,0.3605,0.3245,1.42151,0.32138,1.256,2.02858,0.70767,0.81797,0.77324,0.63892,0.55053,0.38913,0.21186,0.84355,0.00439,26
0.65829,0.60459,0.69857,0.68779,1.09072,0.05531,0.56766,0.36064,0.67637,1.14209,0.37215,1.22647,1.06924,0.42542,0.36118,0.32332,1.41735,0.32165,1.25823,2.03195,0.70982,0.81924,0.7734,0.63844,0.54969,0.38814,0.21108,0.83941,0.00427,26
0.66086,0.61546,0.70926,0.69855,1.09108,0.05447,0.56401,0.3625,0.68719,1.13601,0.36986,1.219,1.06886,0.42278,0.36181,0.3221,1.41301,0.32188,1.26019,2.03512,0.71194,0.82044,0.77347,0.63788,0.54877,0.38709,0.21027,0.83511,0.00415,26
0.66343,0.62662,0.72019,0.70956,1.09099,0.05362,0.56012,0.36416,0.69826,1.12953,0.36753,1.2114,1.06847,0.4201,0.36238,0.32082,1.40849,0.32206,1.26188,2.03808,0.71403,0.82155,0.77345,0.63722,0.54777,0.38598,0.20942,0.83067,0.00403,26
0.666,0.63806,0.73136,0.7208,1.0904,0.05274,0.55598,0.3656,0.70958,1.12265,0.36514,1.20365,1.06808,0.41736,0.3629,0.31949,1.40378,0.32218,1.26328,2.04082,0.71609,0.82258,0.77332,0.63646,0.54668,0.3848,0.20853,0.82608,0.00391,26
0.66857,0.6498,0.74278,0.7323,1.08927,0.05184,0.55159,0.36682,0.72115,1.11535,0.36271,1.19576,1.06767,0.41456,0.36337,0.3181,1.39889,0.32226,1.26435,2.04334,0.71812,0.82353,0.77309,0.63561,0.5455,0.38355,0.2076,0.82133,0.00379,26
0.67114,0.66185,0.75446,0.74405,1.08757,0.05091,0.54694,0.36779,0.73298,1.10763,0.36022,1.18773,1.06726,0.41171,0.36377,0.31667,1.3938,0.32228,1.26508,2.04561,0.7201,0.82438,0.77274,0.63466,0.54423,0.38224,0.20664,0.81644,0.00368,26
0.67371,0.67421,0.7664,0.75607,1.08523,0.04996,0.54202,0.36851,0.74508,1.09948,0.35767,1.17956,1.06684,0.40879,0.36411,0.31518,1.38852,0.32223,1.26544,2.04763,0.72205,0.82514,0.77229,0.6336,0.54288,0.38086,0.20564,0.81139,0.00357,26
0.67629,0.68689,0.7786,0.76836,1.08222,0.04899,0.53684,0.36896,0.75745,1.09089,0.35507,1.17124,1.06642,0.40581,0.36439,0.31363,1.38305,0.32213,1.26538,2.0494,0.72395,0.82581,0.77172,0.63243,0.54143,0.37942,0.2046,0.80619,0.00345,26
0.67886,0.6999,0.79108,0.78093,1.07847,0.048,0.53139,0.36913,0.77011,1.08186,0.35241,1.16279,1.06598,0.40277,0.3646,0.31203,1.37738,0.32196,1.2649,2.05089,0.72581,0.82636,0.77104,0.63116,0.53988,0.3779,0.20352,0.80084,0.00334,26
0.68143,0.71325,0.80384,0.79378,1.07392,0.04699,0.52566,0.369,0.78305,1.07238,0.34969,1.15419,1.06554,0.39965,0.36474,0.31037,1.3715,0.32171,1.26394,2.0521,0.72761,0.82681,0.77023,0.62978,0.53824,0.37631,0.2024,0.79534,0.00323,26
0.684,0.72695,0.81689,0.80692,1.06851,0.04596,0.51965,0.36858,0.7963,1.06245,0.3469,1.14544,1.06508,0.39647,0.36481,0.30866,1.36542,0.3214,1.26246,2.05302,0.72935,0.82715,0.76929,0.62828,0.5365,0.37466,0.20125,0.78969,0.00313,26
0.68657,0.741,0.83023,0.82037,1.06216,0.04491,0.51337,0.36783,0.80985,1.05206,0.34404,1.13656,1.06462,0.39321,0.36481,0.30689,1.35913,0.321,1.26044,2.05364,0.73104,0.82738,0.76823,0.62667,0.53466,0.37292,0.20006,0.78389,0.00302,26
0.68914,0.75542,0.84387,0.83412,1.0548,0.04384,0.5068,0.36677,0.82371,1.0412,0.3411,1.12753,1.06416,0.38987,0.36473,0.30507,1.35264,0.32052,1.25782,2.05394,0.73266,0.82747,0.76703,0.62494,0.53272,0.37112,0.19882,0.77793,0.00291,26
0.69171,0.7702,0.85783,0.84819,1.04635,0.04275,0.49995,0.36537,0.83789,1.02989,0.33809,1.11836,1.06368,0.38645,0.36458,0.30319,1.34593,0.31995,1.25455,2.0539,0.73421,0.82745,0.7657,0.62308,0.53067,0.36924,0.19755,0.77183,0.00281,26
0.69429,0.78537,0.87209,0.86258,1.03671,0.04164,0.49283,0.36363,0.8524,1.01811,0.33501,1.10905,1.06319,0.38294,0.36435,0.30125,1.339,0.31928,1.25058,2.05353,0.73569,0.82729,0.76422,0.62111,0.52852,0.36729,0.19624,0.76558,0.00271,26
0.69686,0.80091,0.88667,0.87731,1.02578,0.04052,0.48542,0.36155,0.86725,1.00588,0.33183,1.0996,1.0627,0.37935,0.36403,0.29926,1.33186,0.31852,1.24586,2.0528,0.73708,0.82699,0.7626,0.619,0.52626,0.36527,0.19489,0.75918,0.00261,26
0.69943,0.81684,0.90158,0.89238,1.01345,0.03939,0.47774,0.35912,0.88245,0.99318,0.32857,1.09001,1.0622,0.37565,0.36363,0.2972,1.32449,0.31765,1.24032,2.05171,0.73839,0.82655,0.76083,0.61677,0.52389,0.36316,0.1935,0.75263,0.00252,26
0.702,0.83315,0.9168,0.9078,0.99962,0.03825,0.46979,0.35633,0.898,0.98002,0.32521,1.08027,1.06169,0.37186,0.36315,0.29509,1.31691,0.31667,1.2339,2.05023,0.73961,0.82596,0.75891,0.6144,0.52141,0.36098,0.19207,0.74594,0.00242,26
0.70457,0.84984,0.93234,0.92358,0.98415,0.03709,0.46157,0.35319,0.91392,0.96642,0.32175,1.07039,1.06117,0.36796,0.36257,0.29292,1.30909,0.31557,1.22653,2.04836,0.74074,0.82522,0.75682,0.6119,0.51882,0.35872,0.1906,0.7391,0.00233,26
0.70714,0.86691,0.94819,0.93973,0.96691,0.03592,0.45308,0.3497,0.93021,0.95236,0.31818,1.06038,1.06064,0.36395,0.36191,0.29069,1.30105,0.31434,1.21812,2.04608,0.74175,0.82432,0.75458,0.60926,0.51611,0.35639,0.18909,0.73211,0.00225,26
0.70971,0.88433,0.96433,0.95626,0.94775,0.03475,0.44435,0.34585,0.94688,0.93787,0.3145,1.05022,1.0601,0.35982,0.36115,0.28841,1.29278,0.31297,1.2086,2.04337,0.74266,0.82324,0.75216,0.60648,0.51329,0.35397,0.18754,0.72497,0.00217,26
0.71229,0.90207,0.98073,0.97318,0.92652,0.03356,0.43536,0.34164,0.96395,0.92294,0.31071,1.03993,1.05956,0.35557,0.3603,0.28606,1.28427,0.31146,1.19788,2.04023,0.74345,0.822,0.74958,0.60356,0.51035,0.35148,0.18595,0.71769,0.0021,26
0.71486,0.92009,0.99735,0.9905,0.90304,0.03238,0.42615,0.3371,0.98142,0.9076,0.30678,1.02949,1.05901,0.35118,0.35935,0.28365,1.27553,0.3098,1.18586,2.03663,0.74411,0.82057,0.74682,0.60048,0.50729,0.3489,0.18432,0.71026,0.00204,26
0.71743,0.9383,1.0141,1.00823,0.87712,0.03119,0.4167,0.33221,0.99931,0.89184,0.30272,1.01892,1.05845,0.34665,0.3583,0.28119,1.26655,0.30797,1.17243,2.03256,0.74463,0.81895,0.74388,0.59727,0.50411,0.34625,0.18265,0.70269,0.002,26
0.72,0.95658,1.03086,1.02639,0.84857,0.03,0.40705,0.32699,1.01763,0.8757,0.29852,1.00821,1.05788,0.34197,0.35715,0.27866,1.25733,0.30598,1.15749,2.028,0.74501,0.81714,0.74075,0.59389,0.5008,0.34351,0.18094,0.69497,0.00197,26
0.72257,0.97475,1.04746,1.04498,0.81718,0.02881,0.39719,0.32144,1.03639,0.85917,0.29416,0.99736,1.0573,0.33714,0.3559,0.27607,1.24787,0.30379,1.14092,2.02294,0.74524,0.81513,0.73743,0.59037,0.49737,0.34069,0.17918,0.68711,0.00198,26
0.72514,0.99251,1.0636,1.06404,0.78276,0.02763,0.38716,0.31559,1.05562,0.84229,0.28965,0.98638,1.05671,0.33214,0.35454,0.27343,1.23817,0.30141,1.12263,2.01737,0.74531,0.81291,0.73391,0.58668,0.49382,0.33778,0.17739,0.67911,0.00204,26
0.72771,1.00944,1.07885,1.08359,0.74511,0.02645,0.37694,0.30943,1.07534,0.82506,0.28496,0.97526,1.05612,0.32697,0.35307,0.27072,1.22822,0.29883,1.10249,2.01125,0.74521,0.81047,0.7302,0.58284,0.49013,0.3348,0.17556,0.67097,0.00216,26
0.73029,1.02486,1.09255,1.10365,0.70404,0.02528,0.36658,0.30298,1.09557,0.80753,0.28011,0.96401,1.05551,0.32162,0.3515,0.26795,1.21802,0.29603,1.0804,2.00459,0.74493,0.8078,0.72628,0.57883,0.48632,0.33173,0.17369,0.66269,0.00237,26
0.73286,1.03779,1.10371,1.12428,0.65941,0.02411,0.35607,0.29626,1.11638,0.78973,0.27507,0.95262,1.0549,0.31609,0.34981,0.26512,1.20756,0.29302,1.0563,1.99736,0.74447,0.8049,0.72215,0.57465,0.48237,0.32857,0.17177,0.65427,0.00274,26
0.73543,1.04674,1.11084,1.14555,0.61116,0.02296,0.34543,0.28927,1.13783,0.77168,0.26986,0.9411,1.05428,0.31036,0.34801,0.26223,1.19686,0.28977,1.03016,1.98955,0.74381,0.80177,0.71781,0.57031,0.4783,0.32533,0.16982,0.64571,0.00332,26
0.738,1.04951,1.11177,1.16756,0.55934,0.02182,0.33467,0.28203,1.16002,0.75346,0.26446,0.92945,1.05366,0.30446,0.34609,0.25927,1.18591,0.28631,1.002,1.98114,0.74295,0.79839,0.71325,0.56581,0.47409,0.32201,0.16783,0.63701,0.00423,26
0.74057,1.04298,1.10334,1.19046,0.50423,0.02069,0.3238,0.27453,1.18311,0.73512,0.2589,0.91767,1.05302,0.29838,0.34406,0.25626,1.1747,0.28264,0.972,1.97214,0.7419,0.79477,0.70847,0.56113,0.46975,0.31861,0.1658,0.62819,0.00563,26
0.74314,1.02283,1.08126,1.21449,0.44643,0.01958,0.31281,0.26679,1.20733,0.71677,0.2532,0.90576,1.05238,0.29216,0.34191,0.25319,1.16323,0.2788,0.94047,1.96255,0.74065,0.79092,0.70349,0.55629,0.46527,0.31512,0.16373,0.61925,0.00774,26
0.74571,0.98353,1.03999,1.23999,0.38701,0.01849,0.30169,0.2588,1.233,0.69852,0.24741,0.89372,1.05172,0.28584,0.33964,0.25007,1.15151,0.27483,0.90799,1.95236,0.73924,0.78683,0.69829,0.55128,0.46067,0.31156,0.16163,0.61019,0.01089,26
0.74829,0.91891,0.97336,1.26739,0.32761,0.0174,0.29043,0.25054,1.26059,0.68054,0.24158,0.88156,1.05106,0.27948,0.33725,0.24689,1.13953,0.27083,0.87544,1.94161,0.73768,0.78253,0.6929,0.54612,0.45595,0.30791,0.15949,0.60104,0.01549,26
0.75086,0.82386,0.87624,1.29715,0.27054,0.01634,0.27901,0.24199,1.29052,0.66301,0.23582,0.86926,1.05039,0.27318,0.33474,0.24367,1.1273,0.26689,0.84405,1.93032,0.73601,0.77803,0.68732,0.54082,0.45111,0.3042,0.15732,0.59181,0.02206,26
0.75343,0.69763,0.74791,1.32923,0.21858,0.01529,0.2674,0.23313,1.32277,0.64615,0.23023,0.85685,1.04971,0.26706,0.3321,0.24041,1.11481,0.26317,0.8153,1.91855,0.7343,0.77338,0.68158,0.53538,0.44616,0.30042,0.15513,0.58252,0.03111,26
0.756,0.54811,0.59625,1.36238,0.17451,0.01425,0.25559,0.22396,1.35608,0.63014,0.22494,0.84431,1.04903,0.26122,0.32934,0.23711,1.10207,0.25979,0.79069,1.90633,0.73259,0.7686,0.6757,0.52982,0.44111,0.29658,0.15291,0.5732,0.04303,26
0.75857,0.39362,0.43959,1.39391,0.14023,0.01324,0.24363,0.21452,1.38776,0.61508,0.22002,0.83165,1.04833,0.25575,0.32646,0.23378,1.08907,0.25686,0.77124,1.89369,0.73091,0.76372,0.66969,0.52415,0.43597,0.29268,0.15067,0.56386,0.05787,26
0.76114,0.25777,0.30155,1.42154,0.11598,0.01226,0.23162,0.2049,1.41553,0.60094,0.2155,0.81886,1.04763,0.25067,0.32345,0.23042,1.07583,0.25439,0.75713,1.88063,0.72927,0.75872,0.66354,0.51838,0.43073,0.28873,0.14841,0.55451,0.07527,26
0.76371,0.1578,0.19939,1.44564,0.10019,0.01132,0.21968,0.1952,1.43977,0.58755,0.21131,0.80596,1.04691,0.24593,0.32031,0.22703,1.06232,0.2523,0.7475,1.8671,0.72763,0.7536,0.65726,0.51248,0.4254,0.28473,0.14613,0.54513,0.09463,26
0.76629,0.09607,0.13553,1.46883,0.09031,0.01042,0.20794,0.18557,1.46308,0.5747,0.20735,0.79294,1.04619,0.2414,0.31705,0.22361,1.04856,0.25047,0.74098,1.85304,0.72591,0.7483,0.65081,0.50646,0.41996,0.28066,0.14383,0.53573,0.11534,26
0.76886,0.06295,0.10031,1.49292,0.0839,0.00958,0.19652,0.1761,1.48729,0.56219,0.20353,0.77981,1.04546,0.23701,0.31365,0.22014,1.03455,0.24877,0.73622,1.83839,0.72407,0.74279,0.64417,0.50029,0.41441,0.27652,0.14151,0.52627,0.13696,26
0.77143,0.04613,0.08145,1.51761,0.07933,0.00879,0.18548,0.16685,1.51211,0.54991,0.19976,0.76656,1.04472,0.23266,0.31013,0.21664,1.02027,0.24712,0.73229,1.82309,0.72206,0.73704,0.63732,0.49398,0.40874,0.27232,0.13916,0.51676,0.15927,26
0.774,0.03699,0.07035,1.54151,0.07571,0.00807,0.17487,0.15789,1.53613,0.53781,0.19601,0.7532,1.04397,0.22833,0.30648,0.21308,1.00573,0.24547,0.7287,1.80713,0.71984,0.73104,0.63026,0.4875,0.40295,0.26806,0.13678,0.50719,0.18211,26
0.77657,0.03121,0.06268,1.56344,0.07265,0.00741,0.1647,0.14923,1.55818,0.52586,0.19226,0.73972,1.04321,0.224,0.30271,0.20949,0.99092,0.2438,0.72521,1.79048,0.7174,0.72478,0.62298,0.48087,0.39704,0.26372,0.13437,0.49755,0.20541,26
0.77914,0.02702,0.05669,1.58278,0.06995,0.00683,0.155,0.14091,1.57764,0.51405,0.18851,0.72614,1.04245,0.21966,0.2988,0.20585,0.97586,0.2421,0.72171,1.77313,0.71472,0.71824,0.61548,0.47408,0.39101,0.25932,0.13194,0.48786,0.22911,26
0.78171,0.02376,0.05171,1.59931,0.06754,0.00634,0.14577,0.13294,1.59428,0.50235,0.18475,0.71245,1.04168,0.21531,0.29476,0.20216,0.96053,0.24037,0.71815,1.75506,0.71179,0.71142,0.60775,0.46713,0.38486,0.25484,0.12948,0.4781,0.25314,26
0.78429,0.02111,0.04742,1.61296,0.0654,0.00594,0.13702,0.12532,1.60806,0.49077,0.18098,0.69865,1.0409,0.21095,0.2906,0.19843,0.94495,0.2386,0.71448,1.73626,0.70861,0.70431,0.5998,0.46002,0.37859,0.25031,0.127,0.46829,0.27744,26
0.78686,0.01891,0.04366,1.62379,0.06356,0.00566,0.12873,0.11807,1.619,0.4793,0.1772,0.68475,1.04011,0.20657,0.2863,0.19466,0.9291,0.23679,0.71066,1.71673,0.70515,0.69691,0.59161,0.45275,0.3722,0.24571,0.1245,0.45843,0.30198,26
0.78943,0.01705,0.04033,1.63184,0.06214,0.00554,0.12091,0.11118,1.62717,0.46793,0.17341,0.67074,1.03932,0.20217,0.28188,0.19085,0.91299,0.23494,0.70669,1.69644,0.7014,0.68922,0.5832,0.44532,0.36569,0.24105,0.12197,0.44852,0.32669,26
0.792,0.01545,0.03734,1.63723,0.06139,0.00562,0.11355,0.10465,1.63266,0.45667,0.1696,0.65664,1.03852,0.19775,0.27734,0.187,0.89663,0.23305,0.70253,1.6754,0.69736,0.68122,0.57455,0.43774,0.35907,0.23632,0.11942,0.43856,0.35152,26
0.79457,0.01407,0.03465,1.64004,0.06176,0.00598,0.10662,0.09848,1.63558,0.4455,0.16578,0.64243,1.03771,0.19332,0.27267,0.18311,0.88,0.23112,0.69816,1.65359,0.69301,0.67291,0.56568,0.43,0.35233,0.23153,0.11684,0.42856,0.37645,26
0.79714,0.01286,0.03221,1.64039,0.064,0.00673,0.10011,0.09264,1.63605,0.43442,0.16195,0.62813,1.0369,0.18887,0.26787,0.17918,0.86312,0.22914,0.69357,1.63101,0.68833,0.66429,0.55656,0.4221,0.34547,0.22669,0.11425,0.41851,0.40142,26
0.79971,0.0118,0.02999,1.63841,0.06923,0.00801,0.09401,0.08713,1.63418,0.42344,0.1581,0.61373,1.03607,0.1844,0.26295,0.1752,0.84598,0.22712,0.68875,1.60764,0.68332,0.65535,0.54721,0.41405,0.33851,0.22178,0.11163,0.40842,0.42639,26
0.80229,0.01085,0.02796,1.63423,0.07899,0.01007,0.08828,0.08194,1.6301,0.41254,0.15424,0.59924,1.03524,0.17992,0.25791,0.1712,0.82859,0.22505,0.68368,1.58348,0.67795,0.64609,0.53763,0.40585,0.33143,0.21682,0.10899,0.3983,0.45133,26
0.80486,0.01001,0.02611,1.62796,0.09525,0.01322,0.08291,0.07703,1.62395,0.40174,0.15037,0.58465,1.03441,0.17541,0.25274,0.16715,0.81094,0.22293,0.67835,1.55852,0.67221,0.6365,0.52781,0.3975,0.32424,0.2118,0.10634,0.38814,0.47619,26
0.80743,0.00925,0.02441,1.61975,0.12028,0.01794,0.07788,0.0724,1.61584,0.39103,0.14648,0.56998,1.03356,0.17089,0.24746,0.16307,0.79304,0.22077,0.67274,1.53275,0.6661,0.62657,0.51775,0.38899,0.31694,0.20673,0.10367,0.37795,0.50096,26
0.81,0.00857,0.02286,1.60971,0.15644,0.02485,0.07315,0.06801,1.6059,0.38042,0.14258,0.55522,1.03271,0.16636,0.24206,0.15895,0.77489,0.21855,0.66686,1.50617,0.65958,0.6163,0.50746,0.38034,0.30954,0.20161,0.10097,0.36772,0.5256,26
0.81257,0.00795,0.02144,1.59797,0.20572,0.03482,0.06871,0.06385,1.59427,0.3699,0.13866,0.54037,1.03186,0.1618,0.23654,0.1548,0.7565,0.21628,0.66068,1.47877,0.65264,0.60569,0.49692,0.37153,0.30203,0.19643,0.09827,0.35747,0.55008,26
0.81514,0.00739,0.02015,1.58465,0.26936,0.04894,0.06453,0.05989,1.58106,0.35948,0.13473,0.52544,1.031,0.15723,0.23092,0.15062,0.73785,0.21395,0.65421,1.45055,0.64527,0.59473,0.48615,0.36259,0.29442,0.19121,0.09554,0.3472,0.57437,26
0.81771,0.00688,0.01896,1.56988,0.34734,0.06857,0.06057,0.05609,1.56639,0.34917,0.13079,0.51043,1.03013,0.15265,0.22517,0.1464,0.71896,0.21156,0.64743,1.42151,0.63745,0.58341,0.47515,0.3535,0.28671,0.18593,0.0928,0.3369,0.59845,26
0.82029,0.00641,0.01787,1.55376,0.43809,0.09528,0.0568,0.05244,1.55038,0.33896,0.12684,0.49534,1.02925,0.14804,0.21932,0.14215,0.69982,0.20912,0.64035,1.39162,0.62916,0.57173,0.4639,0.34426,0.2789,0.18061,0.09005,0.32657,0.62229,26
0.82286,0.00598,0.01686,1.53642,0.53844,0.13075,0.05319,0.04889,1.53313,0.32886,0.12288,0.48017,1.02837,0.14343,0.21337,0.13787,0.68045,0.2066,0.63297,1.36091,0.62038,0.55969,0.45242,0.33489,0.27099,0.17524,0.08728,0.31623,0.64589,26
0.82543,0.00559,0.01592,1.51796,0.64384,0.17654,0.04969,0.04542,1.51477,0.31888,0.1189,0.46493,1.02748,0.13879,0.20731,0.13356,0.66083,0.20402,0.62529,1.32935,0.61109,0.54728,0.4407,0.32539,0.26299,0.16984,0.08449,0.30586,0.66921,26
0.828,0.00523,0.01504,1.49848,0.74895,0.23385,0.04627,0.042,1.49538,0.30902,0.11491,0.44961,1.02659,0.13415,0.20114,0.12923,0.64098,0.20136,0.61731,1.29696,0.60127,0.5345,0.42875,0.31575,0.25489,0.16438,0.0817,0.29548,0.69225,26
0.83057,0.0049,0.0142,1.47807,0.8484,0.30318,0.04288,0.03862,1.47508,0.29929,0.11091,0.43423,1.02569,0.12949,0.19488,0.12486,0.62089,0.19862,0.60905,1.26373,0.59089,0.52134,0.41656,0.30597,0.24671,0.15889,0.07889,0.28509,0.71498,26
0.83314,0.00459,0.01339,1.45685,0.9375,0.38397,0.03951,0.03529,1.45395,0.2897,0.1069,0.41877,1.02479,0.12481,0.18852,0.12047,0.60057,0.19579,0.60052,1.22965,0.57993,0.50779,0.40414,0.29607,0.23844,0.15336,0.07607,0.27468,0.73739,26
0.83571,0.0043,0.0126,1.43489,1.01291,0.47442,0.03614,0.03201,1.43208,0.28025,0.10287,0.40325,1.02388,0.12012,0.18207,0.11605,0.58002,0.19286,0.59174,1.19473,0.56837,0.49385,0.39149,0.28604,0.23008,0.14779,0.07324,0.26426,0.75948,26
0.83829,0.00404,0.01184,1.41228,1.07296,0.57141,0.03279,0.02882,1.40957,0.27094,0.09884,0.38767,1.02297,0.11542,0.17552,0.11161,0.55924,0.18983,0.58275,1.15897,0.55619,0.47952,0.3786,0.27589,0.22164,0.14219,0.0704,0.25382,0.78123,26
0.84086,0.00379,0.01111,1.3891,1.11761,0.67076,0.02949,0.02577,1.38648,0.2618,0.0948,0.37203,1.02205,0.11071,0.16889,0.10714,0.53823,0.18668,0.57359,1.12237,0.54335,0.46478,0.36548,0.26561,0.21312,0.13655,0.06755,0.24338,0.80263,26
0.84343,0.00357,0.01041,1.36543,1.14815,0.76765,0.02631,0.02293,1.3629,0.25282,0.09075,0.35632,1.02113,0.10598,0.16217,0.10265,0.517,0.18339,0.56429,1.08493,0.52983,0.44964,0.35212,0.25521,0.20452,0.13087,0.06469,0.23292,0.82367,26
0.846,0.00335,0.00975,1.34134,1.16676,0.85735,0.02333,0.02037,1.3389,0.24401,0.08669,0.34056,1.0202,0.10124,0.15538,0.09814,0.49556,0.17996,0.55492,1.04666,0.5156,0.43409,0.33854,0.2447,0.19585,0.12517,0.06182,0.22246,0.84435,26
0.84857,0.00316,0.00915,1.31691,1.17599,0.93582,0.02064,0.01813,1.31455,0.23538,0.08262,0.32475,1.01927,0.09649,0.1485,0.09361,0.47389,0.17637,0.54557,1.00756,0.50063,0.41813,0.32473,0.23408,0.1871,0.11944,0.05894,0.21199,0.86466,26
0.85114,0.00297,0.00861,1.29219,1.17829,1.00038,0.0183,0.01625,1.28992,0.22695,0.07854,0.30888,1.01834,0.09173,0.14155,0.08905,0.45201,0.17258,0.53631,0.96764,0.48489,0.40173,0.31069,0.22334,0.17828,0.11368,0.05606,0.20151,0.8846,26
0.85371,0.0028,0.00814,1.26725,1.1758,1.04992,0.01636,0.01475,1.26507,0.2187,0.07445,0.29297,1.0174,0.08696,0.13453,0.08448,0.42991,0.16859,0.52728,0.9269,0.46835,0.38491,0.29643,0.2125,0.1694,0.10789,0.05316,0.19102,0.90416,26
0.85629,0.00264,0.00774,1.24215,1.17018,1.08491,0.01482,0.0136,1.24004,0.21067,0.07036,0.27701,1.01645,0.08219,0.12744,0.07989,0.40761,0.16436,0.5186,0.88535,0.45097,0.36765,0.28193,0.20155,0.16045,0.10207,0.05026,0.18053,0.92334,26
0.85886,0.00249,0.0074,1.21694,1.1626,1.10705,0.01365,0.01275,1.21491,0.20285,0.06625,0.261,1.01551,0.0774,0.12029,0.07528,0.3851,0.15987,0.51046,0.843,0.43271,0.34995,0.26721,0.19049,0.15144,0.09624,0.04736,0.17003,0.94213,26
0.86143,0.00235,0.00712,1.19166,1.15385,1.11875,0.01281,0.01216,1.18971,0.19525,0.06215,0.24496,1.01455,0.0726,0.11307,0.07066,0.36238,0.15507,0.50305,0.79985,0.41355,0.33179,0.25227,0.17934,0.14237,0.09037,0.04445,0.15953,0.96053,26
0.864,0.00222,0.00688,1.16638,1.14441,1.12266,0.01223,0.01176,1.1645,0.18788,0.05803,0.22887,1.0136,0.0678,0.1058,0.06602,0.33946,0.14993,0.49663,0.75593,0.39343,0.31317,0.2371,0.16809,0.13325,0.08449,0.04153,0.14902,0.97854,26
0.86657,0.00209,0.00668,1.14112,1.13457,1.12115,0.01184,0.01149,1.13931,0.18075,0.05391,0.21275,1.01264,0.06298,0.09848,0.06136,0.31634,0.1444,0.49147,0.71123,0.37233,0.29409,0.22171,0.15674,0.12407,0.07859,0.03861,0.1385,0.99617,26
0.86914,0.00198,0.00651,1.11593,1.12449,1.11614,0.01157,0.0113,1.11419,0.17387,0.04978,0.19659,1.01168,0.05816,0.0911,0.0567,0.29302,0.13842,0.48786,0.66576,0.3502,0.27452,0.2061,0.1453,0.11484,0.07267,0.03568,0.12798,1.01341,26
0.87171,0.00187,0.00635,1.09085,1.11425,1.10902,0.01137,0.01116,1.08918,0.16724,0.04565,0.1804,1.01072,0.05334,0.08368,0.05202,0.26951,0.13194,0.48567,0.6195,0.327,0.25447,0.19025,0.13376,0.10556,0.06673,0.03275,0.11746,1.03026,26
0.87429,0.00177,0.0062,1.06591,1.10392,1.10067,0.01122,0.01105,1.06431,0.16087,0.04152,0.16419,1.00976,0.04851,0.07622,0.04733,0.2458,0.12489,0.4838,0.57229,0.30273,0.23393,0.17419,0.12213,0.09622,0.06077,0.02981,0.10692,1.04673,26
0.87686,0.00167,0.00606,1.04115,1.09352,1.09162,0.01108,0.01094,1.0396,0.15476,0.03737,0.14794,1.00879,0.04367,0.06872,0.04263,0.22192,0.1172,0.48077,0.52397,0.27737,0.21288,0.15789,0.11041,0.08684,0.05479,0.02687,0.09637,1.06281,26
0.87943,0.00158,0.00593,1.01658,1.08308,1.08213,0.01096,0.01084,1.0151,0.14893,0.03323,0.13168,1.00782,0.03883,0.06118,0.03792,0.19786,0.10877,0.47494,0.47434,0.25093,0.19134,0.14136,0.09859,0.07741,0.0488,0.02392,0.0858,1.07852,26
0.882,0.0015,0.0058,0.99225,1.07263,1.07236,0.01084,0.01074,0.99081,0.14338,0.02908,0.11539,1.00685,0.03398,0.05361,0.0332,0.17364,0.09952,0.46445,0.42319,0.2234,0.16929,0.12459,0.08666,0.06793,0.04278,0.02096,0.07521,1.09386,26
0.88457,0.00142,0.00568,0.96816,1.06217,1.06239,0.01072,0.01064,0.96678,0.13812,0.02493,0.09908,1.00587,0.02913,0.04602,0.02848,0.14925,0.08934,0.44722,0.37031,0.19478,0.14672,0.10757,0.07464,0.0584,0.03674,0.018,0.06459,1.10882,26
0.88714,0.00134,0.00556,0.94436,1.05172,1.05225,0.0106,0.01053,0.94302,0.13314,0.02078,0.08276,1.0049,0.02428,0.0384,0.02375,0.12471,0.07811,0.4208,0.31545,0.16507,0.12363,0.09031,0.0625,0.04881,0.03068,0.01503,0.05395,1.12341,26
0.88971,0.00127,0.00544,0.92084,1.04128,1.04197,0.01048,0.01043,0.91956,0.12846,0.01662,0.06642,1.00392,0.01943,0.03076,0.01901,0.10003,0.06568,0.38234,0.25835,0.13425,0.10002,0.0728,0.05025,0.03917,0.0246,0.01204,0.04326,1.13764,26
0.89229,0.0012,0.00533,0.89764,1.03087,1.03159,0.01036,0.01032,0.8964,0.12408,0.01247,0.05008,1.00294,0.01457,0.02311,0.01427,0.07521,0.05192,0.32835,0.19873,0.10234,0.07586,0.05502,0.03789,0.02947,0.01849,0.00905,0.03253,1.15152,26
0.89486,0.00114,0.00523,0.87476,1.02048,1.02112,0.01024,0.01022,0.87356,0.12,0.00831,0.03372,1.00196,0.00971,0.01545,0.00952,0.05026,0.03661,0.25425,0.13624,0.06933,0.05115,0.03697,0.0254,0.01972,0.01236,0.00605,0.02176,1.16504,26
0.89743,0.00108,0.00512,0.85223,1.01015,1.01058,0.01012,0.01011,0.85107,0.11622,0.00416,0.01736,1.00098,0.00486,0.00778,0.00476,0.02519,0.01948,0.15219,0.07043,0.03522,0.02587,0.01864,0.01277,0.00989,0.0062,0.00303,0.01092,1.17821,26
